id,title,year,first_reported_in_daily,record_type,source_venue,doi,url,source_verification,topics,datasets,input_signals,model_method,main_results,calibration_type,calibration_points,calibration_timing,calibration_notes,subject_split,subject_split_notes,external_validation,external_dataset_or_cohort,external_validation_notes,deployability,deployment_judgment,inference_inputs,current_reference_bp_required,deployment_notes,leakage_risk,abp_bp_denormalization,abp_bp_alignment,abp_bp_windowing,abp_bp_quality_filtering,target_dependent_calibration,window_leakage,subject_leakage,leakage_notes,audit_status,evidence_checked_on,notes
ppgbp-001-blood-pressure-estimation-from-ppg-a-comparative-study-of-direct-and-ecg,Blood Pressure Estimation from PPG: A Comparative Study of Direct and ECG-Mediated Deep Learning Pipelines,2026,2026-08-11,paper,arXiv,,,daily-index-only,PPG | cuffless BP,not_reported,PPG | ECG,首批索引记录；方法细节待全文二次核验。,首批索引记录；定量结果待全文二次核验。,unknown,,unknown,论文未完成校准字段核验。,unknown,未完成全文核验。,unknown,,未完成全文核验。,unknown,待核验,PPG | ECG,unknown,不得将日报摘要直接等同于产品可部署证据。,unknown,unknown,unknown,unknown,unknown,unknown,unknown,unknown,未完成全文级审计。,preliminary-index,2026-08-24,来自此前 PPG 科研日报的首批去重索引。
ppgbp-002-evaluating-cross-dataset-transfer-learning-for-photoplethysmography-base,Evaluating cross-dataset transfer learning for photoplethysmography-based blood pressure estimation,2026,2026-08-11,paper,Scientific Reports,10.1038/s41598-026-43409-8,https://www.nature.com/articles/s41598-026-43409-8,primary-full-text,PPG | cuffless BP | cross-dataset transfer | personalization,MIMIC-III | VitalDB | Radboud wearable dataset,PPG,Compact BP-CRNN pretrained on a source dataset; last convolutional and fully connected layers are fine-tuned with limited target-subject data.,"Cross-dataset personalization on 200 patients achieved SBP/DBP MAE 3.36/1.81 mmHg, about 13% better than no transfer; external wearable-domain errors remained around SBP 10.5–10.9 and DBP 6.9 mmHg in the prior review.",subject-specific fine-tuning,,onboarding/target adaptation,Needs limited target-user PPG with reference BP.,true,Evaluation is organized by target subjects; source and target datasets are distinct.,true,Radboud wearable dataset,Shows clear hospital-to-wearable domain gap.,conditional,有条件可部署,PPG | stored personalized weights,false,"Personal reference BP is required before deployment, not for each prediction.",low-to-medium,not reported as current-test target dependent,dataset synchronization used; no per-window target alignment confirmed,reference BP used to create supervised target windows,quality filtering present; exact target dependence needs protocol audit,historical target-subject BP used for fine-tuning,controlled by subject-specific protocol but temporal proximity remains a concern,not the primary risk; evaluation is personalized by design,"Strong deployment relevance, but personalized results cannot be read as calibration-free cross-person generalization.",priority-reviewed,2026-08-24,重点深审。
ppgbp-003-single-beat-cuffless-blood-pressure-estimation-using-ear-ppg-and-ecg-wit,Single-Beat Cuffless Blood Pressure Estimation Using Ear-PPG and ECG with a Lightweight Hybrid Learning Framework,2026,2026-08-11,paper,EMBC 2026 / arXiv,,,daily-index-only,PPG | cuffless BP,not_reported,PPG | ECG,首批索引记录；方法细节待全文二次核验。,首批索引记录；定量结果待全文二次核验。,unknown,,unknown,论文未完成校准字段核验。,unknown,未完成全文核验。,unknown,,未完成全文核验。,unknown,待核验,PPG | ECG,unknown,不得将日报摘要直接等同于产品可部署证据。,unknown,unknown,unknown,unknown,unknown,unknown,unknown,unknown,未完成全文级审计。,preliminary-index,2026-08-24,来自此前 PPG 科研日报的首批去重索引。
ppgbp-004-smartwatch-photoplethysmography-derived-heart-age-via-ecg-guided-cross-m,Smartwatch Photoplethysmography-Derived Heart Age via ECG-Guided Cross-Modal Pretraining as a Digital Biomarker of Vascular Aging,2026,2026-08-11,paper,Preprint,,,daily-index-only,PPG | foundation model | wearable deployment,not_reported,PPG | ECG | IMU/context (possible),首批索引记录；方法细节待全文二次核验。,首批索引记录；定量结果待全文二次核验。,unknown,,unknown,论文未完成校准字段核验。,unknown,未完成全文核验。,unknown,,未完成全文核验。,unknown,待核验,PPG | ECG | IMU/context (possible),unknown,不得将日报摘要直接等同于产品可部署证据。,unknown,unknown,unknown,unknown,unknown,unknown,unknown,unknown,未完成全文级审计。,preliminary-index,2026-08-24,来自此前 PPG 科研日报的首批去重索引。
ppgbp-005-a-robust-ppg-foundation-model-using-multimodal-physiological-supervision,A robust PPG foundation model using multimodal physiological supervision,2026,2026-08-11,paper,Preprint,,,daily-index-only,PPG | foundation model,not_reported,PPG,首批索引记录；方法细节待全文二次核验。,首批索引记录；定量结果待全文二次核验。,unknown,,unknown,论文未完成校准字段核验。,unknown,未完成全文核验。,unknown,,未完成全文核验。,unknown,待核验,PPG,unknown,不得将日报摘要直接等同于产品可部署证据。,unknown,unknown,unknown,unknown,unknown,unknown,unknown,unknown,未完成全文级审计。,preliminary-index,2026-08-24,来自此前 PPG 科研日报的首批去重索引。
ppgbp-006-few-shot-personalized-blood-pressure-estimation-from-photoplethysmograph,Few-Shot Personalized Blood Pressure Estimation from Photoplethysmography and Physiological Priors via Low-Rank Adaptation,2026,2026-08-12,paper,IEEE Journal of Biomedical and Health Informatics,,https://pubmed.ncbi.nlm.nih.gov/41701592/,primary-metadata/abstract,PPG | cuffless BP | personalization | LoRA | physiological prior,UCI Cuffless BP | University of Queensland | CAS-BP,PPG | physiological priors,Population-pretrained Transformer personalized with sampling-rate-robust LoRA (SRR-LoRA) and pulse-pressure consistency loss.,"Reported SBP MAE 1.52 mmHg and DBP MAE 1.07 mmHg after few-shot personalization; 2,405 pretraining subjects and 316 personalization subjects were described in the prior daily review.",few-shot personal fine-tuning,,onboarding,Requires labeled personal PPG/BP examples; exact shot count varies by experiment and is not safely reduced here to a single number.,reported-subject-aware,Personalization cohorts are subject-based; exact train/validation/test protocol still needs full-text table verification.,false,,"Multiple datasets used, but no clearly independent external clinical validation was confirmed.",conditional,有条件可部署,PPG | stored personalized LoRA parameters,false,"Deployment can be PPG-only after onboarding, but cuff/reference BP is needed to create the personalized adapter.",medium,not_found,not_found,unknown,unknown,historical personal BP labels used for onboarding,not fully verified,lower risk if reported subject protocol is followed,No evidence that current test BP is needed at inference; personalization can still make same-person evaluation optimistic if calibration/test windows are too close.,priority-reviewed,2026-08-24,重点深审；不要把“少样本个体化”误写成“无需校准”。
ppgbp-007-feasibility-and-performance-evaluation-of-ppg-on-a-galaxy-watch-in-conti,Feasibility and performance evaluation of PPG on a Galaxy Watch in continuous central blood pressure monitoring,2026,2026-08-12,paper,European Heart Journal – Digital Health,,https://pmc.ncbi.nlm.nih.gov/articles/PMC12912915/,primary-full-text,PPG | Galaxy Watch | central BP | change tracking | external prospective validation,6117 measurements/440 development participants | 114 catheterization validation participants,Galaxy Watch 6 PPG | optional baseline calibration,PPG algorithm detects relative MAP/SBP/DBP changes against invasive central aortic BP; prospective catheterization evaluation.,For ≥15% MAP increase AUC 0.85; MAP-change correlation r=0.92 with bias 0.51 mmHg; median detection delay 1 min; uncalibrated change detection remained robust.,baseline calibration optional for change tracking,,baseline,Calibrated and uncalibrated relative-change analyses were both reported.,true,Development and prospective evaluation cohorts are separate.,true,114 prospective catheterization patients,Reference is invasive central aortic BP.,promising-change-tracking,适合 ΔBP/MAP 变化检测，非绝对 BP 产品验证,wrist PPG | optional baseline,false,Protocol did not satisfy all relevant validation requirements.,low,not reported,minute-level paired reference used for evaluation,fixed time points,not reported as target-based,baseline only/optional,not applicable across separate cohorts,NO apparent cohort overlap,Reference BP defines outcomes but is not needed by deployed PPG model.,priority-reviewed,2026-08-24,重点深审。
ppgbp-008-validation-and-subgroup-analysis-of-the-accuracy-of-the-photoplethysmogr,Validation and Subgroup Analysis of the Accuracy of the Photoplethysmography-based Microlife Cuffless Upper-arm Wearable Blood Pressure Monitor,2026,2026-08-12,paper,American Journal of Hypertension,10.1093/ajh/hpaf238,https://pubmed.ncbi.nlm.nih.gov/41390956/,primary-abstract,PPG | cuffless BP | clinical validation | skin tone | age,prospective 120-participant validation cohort,upper-arm PPG | stored cuff calibration,Commercial upper-arm PPG cuffless monitor evaluated with sequential same-arm measurements under AAMI/ESH/ISO 81060-2:2018/Amd 1:2020.,120 adults; met AAMI/ESH/ISO accuracy criteria and showed broadly consistent results across age and Fitzpatrick skin-tone groups.,individual cuff calibration,,before validation,Calibrated against a clinically validated mercury sphygmomanometer.,not applicable to device validation,Prospective measurement validation rather than model train/test split.,true,120-participant prospective validation,General adult population with subgroup analysis.,strong-conditional,临床验证较强但需要袖带校准,upper-arm PPG | stored personal calibration,false,Suitable for frequent home measurements after calibration.,low,not reported,sequential same-arm reference protocol,device-defined,not reported as reference-target based,historical cuff calibration only,not applicable,not applicable to prospective device validation,"Calibration is an authorized deployment input, not leakage, provided later reference readings are only evaluation targets.",priority-reviewed,2026-08-24,重点深审。
ppgbp-009-sigma-ppg-statistical-prior-informed-generative-masking-architecture-for,SIGMA-PPG: Statistical-prior Informed Generative Masking Architecture for PPG Foundation Model,2026,2026-08-12,paper,arXiv,,,daily-index-only,PPG | foundation model,not_reported,PPG,首批索引记录；方法细节待全文二次核验。,首批索引记录；定量结果待全文二次核验。,unknown,,unknown,论文未完成校准字段核验。,unknown,未完成全文核验。,unknown,,未完成全文核验。,unknown,待核验,PPG,unknown,不得将日报摘要直接等同于产品可部署证据。,unknown,unknown,unknown,unknown,unknown,unknown,unknown,unknown,未完成全文级审计。,preliminary-index,2026-08-24,来自此前 PPG 科研日报的首批去重索引。
ppgbp-010-wavelet-driven-masked-multiscale-reconstruction-for-ppg-foundation-model,Wavelet-Driven Masked Multiscale Reconstruction for PPG Foundation Models,2026,2026-08-12,paper,Preprint,,,daily-index-only,PPG | foundation model,not_reported,PPG,首批索引记录；方法细节待全文二次核验。,首批索引记录；定量结果待全文二次核验。,unknown,,unknown,论文未完成校准字段核验。,unknown,未完成全文核验。,unknown,,未完成全文核验。,unknown,待核验,PPG,unknown,不得将日报摘要直接等同于产品可部署证据。,unknown,unknown,unknown,unknown,unknown,unknown,unknown,unknown,未完成全文级审计。,preliminary-index,2026-08-24,来自此前 PPG 科研日报的首批去重索引。
ppgbp-011-benchmarking-and-enhancing-ppg-based-cuffless-blood-pressure-estimation-,Benchmarking and Enhancing PPG-Based Cuffless Blood Pressure Estimation Methods,2026,2026-08-13,paper,BIOSIGNALS 2026,10.5220/0014245400004070,https://www.scitepress.org/PublishedPapers/2026/142454/,primary-paper,PPG | cuffless BP | benchmark | demographics | clinical criteria,NBPDB | MIMIC-III | VitalDB,PPG | age | sex | BMI,"Standardized 101,453-segment benchmark from 1,103 healthy adults; compares multiple models and demographic fusion.",No baseline model met AAMI/ISO numerical limits; demographic-enhanced MInception reduced error 23% to SBP/DBP MAE 4.75/2.90 mmHg.,none reported,0,none,"Demographics are covariates, not cuff calibration.",reported standardized benchmark,Full split manifest should be preserved in reuse.,false,,"Derived from two public ICU/OR datasets, not consumer-device clinical validation.",research-benchmark,有助于公平比较，非产品验证,PPG | age | sex | BMI,false,Numerical standard thresholds alone do not establish protocol compliance.,medium,not reported,curated synchronized signals,high-quality segment selection,curation likely uses signal/physiological constraints; audit manifest needed,NO,controlled by standardized protocol; verify implementation,reported controlled,Healthy-adult subset and demographic baselines may narrow target variance.,priority-reviewed,2026-08-24,重点深审。
ppgbp-012-anyppg-an-ecg-guided-ppg-foundation-model-trained-on-over-100-000-hours-,"AnyPPG: An ECG-Guided PPG Foundation Model Trained on Over 100,000 Hours of Recordings for Holistic Health Profiling",2026,2026-08-13,paper,arXiv,,https://arxiv.org/abs/2511.01747,primary-metadata,PPG | foundation model | ECG-guided pretraining | wearable,six multi-source synchronized PPG-ECG datasets,PPG at deployment | ECG only during pretraining,Dual-modal alignment places synchronized PPG and ECG representations in a shared physiological space; downstream use can retain only the PPG encoder.,"Pretraining covers about 109,909 h from 58,796 subjects; reports average gains of 12.8% in regression and 9.1% in classification across 11 tasks.",task-specific downstream adaptation,,downstream,No cuff BP calibration protocol is established by the foundation-model paper.,reported across downstream datasets,Exact per-task split must be checked before BP claims.,true,six independent downstream datasets,"Broad health tasks, not a dedicated cuffless BP device validation.",research-enabler,PPG-only 表征可部署,PPG,false,"ECG is privileged training supervision, not required at inference.",low for target leakage / medium for downstream split provenance,not applicable,"ECG–PPG synchronization is a training signal, not BP target leakage",not applicable to absolute BP output,not applicable,not applicable,task-specific,task-specific,Do not treat hypertension classification or foundation-model gains as absolute SBP/DBP validation.,priority-reviewed,2026-08-24,重点深审。
ppgbp-013-reassessing-the-feasibility-of-ppg-based-non-invasive-blood-glucose-leve,Reassessing the Feasibility of PPG-Based Non-Invasive Blood Glucose Level Estimation,2026,2026-08-13,paper,Preprint,,,daily-index-only,PPG,not_reported,PPG,首批索引记录；方法细节待全文二次核验。,首批索引记录；定量结果待全文二次核验。,unknown,,unknown,论文未完成校准字段核验。,unknown,未完成全文核验。,unknown,,未完成全文核验。,unknown,待核验,PPG,unknown,不得将日报摘要直接等同于产品可部署证据。,unknown,unknown,unknown,unknown,unknown,unknown,unknown,unknown,未完成全文级审计。,preliminary-index,2026-08-24,来自此前 PPG 科研日报的首批去重索引。
ppgbp-014-soft-multi-wavelength-photoplethysmography-enables-reliable-neonatal-blo,"Soft, Multi-Wavelength Photoplethysmography Enables Reliable Neonatal Blood Pressure Monitoring Via Error Stratification",2026,2026-08-13,paper,Advanced Science,,,daily-index-only,PPG | cuffless BP | wearable deployment,not_reported,PPG | IMU/context (possible),首批索引记录；方法细节待全文二次核验。,首批索引记录；定量结果待全文二次核验。,unknown,,unknown,论文未完成校准字段核验。,unknown,未完成全文核验。,unknown,,未完成全文核验。,unknown,待核验,PPG | IMU/context (possible),unknown,不得将日报摘要直接等同于产品可部署证据。,unknown,unknown,unknown,unknown,unknown,unknown,unknown,unknown,未完成全文级审计。,preliminary-index,2026-08-24,来自此前 PPG 科研日报的首批去重索引。
ppgbp-015-arterial-blood-pressure-waveform-reconstruction-estimation-from-ppg-usin,Arterial blood pressure waveform reconstruction estimation from PPG using TCN–BiLSTM,2026,2026-08-13,paper,American Heart Journal Plus,10.1016/j.ahjo.2026.100837,https://pmc.ncbi.nlm.nih.gov/articles/PMC13375927/,primary-full-text,PPG | ABP waveform reconstruction | cuffless BP | TCN | BiLSTM | target leakage,VitalDB | MIMIC-IV,PPG | first derivative PPG | second derivative PPG,8 s PPG windows (2 s stride) are mapped to normalized ABP waveforms by a TCN–BiLSTM with extrema-aware Huber loss.,VitalDB reported SBP MAE/RMSE 3.61/5.24 and DBP 1.79/2.37 mmHg; external MIMIC-IV table reported about 4.6/1.9 mmHg MAE.,none claimed,0,none,"However, each test ABP window supplies its own mean and standard deviation for denormalization, which functions as unavailable target information.",true,"VitalDB split 1,568/328/330 subjects; overlapping windows stay within subject partitions.",true,MIMIC-IV,"External test without retraining is reported, but the same target-dependent preprocessing issue applies.",not-deployable-as-reported,按论文流程不可部署为 PPG-only 绝对 BP,PPG | current true ABP window mean | current true ABP window standard deviation,true,Real deployment cannot know current ABP μ/σ needed to restore mmHg.,critical,YES — per-window true ABP μ/σ stored and used for denormalization,not explicitly reported; synchronization source is pre-extracted paired data,YES — ABP peaks/troughs define labels and validity; minimum three ABP peaks required,YES — true SBP/DBP/PP ranges and ABP peak count filter windows,YES in effect through per-window ABP denormalization,"overlapping windows, but subject-wise partitions prevent cross-subject-window overlap",NO according to reported subject-wise split,Subject split and external data do not cancel leakage caused by current-test ABP statistics and ABP-based test selection.,priority-reviewed,2026-08-24,本库最高优先级泄露案例。
ppgbp-016-biosignal-fingerprinting-a-cross-modal-ppg-ecg-foundation-model,Biosignal Fingerprinting: A Cross-Modal PPG-ECG Foundation Model,2026,2026-08-13,paper,Preprint,,,daily-index-only,PPG | foundation model,not_reported,PPG | ECG,首批索引记录；方法细节待全文二次核验。,首批索引记录；定量结果待全文二次核验。,unknown,,unknown,论文未完成校准字段核验。,unknown,未完成全文核验。,unknown,,未完成全文核验。,unknown,待核验,PPG | ECG,unknown,不得将日报摘要直接等同于产品可部署证据。,unknown,unknown,unknown,unknown,unknown,unknown,unknown,unknown,未完成全文级审计。,preliminary-index,2026-08-24,来自此前 PPG 科研日报的首批去重索引。
ppgbp-017-cardiac-health-assessment-across-scenarios-and-devices-using-a-multimoda,Cardiac health assessment across scenarios and devices using a multimodal foundation model pretrained on data from 1.7 million individuals,2026,2026-08-13,paper,Nature Machine Intelligence,,,daily-index-only,PPG | foundation model,not_reported,not_reported,首批索引记录；方法细节待全文二次核验。,首批索引记录；定量结果待全文二次核验。,unknown,,unknown,论文未完成校准字段核验。,unknown,未完成全文核验。,unknown,,未完成全文核验。,unknown,待核验,not_reported,unknown,不得将日报摘要直接等同于产品可部署证据。,unknown,unknown,unknown,unknown,unknown,unknown,unknown,unknown,未完成全文级审计。,preliminary-index,2026-08-24,来自此前 PPG 科研日报的首批去重索引。
ppgbp-018-foundation-models-enable-wearable-signal-screening-for-cardiovascular-di,Foundation models enable wearable signal screening for cardiovascular disease among people living with HIV,2026,2026-08-13,paper,Communications Medicine,,,daily-index-only,PPG | foundation model | wearable deployment,not_reported,IMU/context (possible),首批索引记录；方法细节待全文二次核验。,首批索引记录；定量结果待全文二次核验。,unknown,,unknown,论文未完成校准字段核验。,unknown,未完成全文核验。,unknown,,未完成全文核验。,unknown,待核验,IMU/context (possible),unknown,不得将日报摘要直接等同于产品可部署证据。,unknown,unknown,unknown,unknown,unknown,unknown,unknown,unknown,未完成全文级审计。,preliminary-index,2026-08-24,来自此前 PPG 科研日报的首批去重索引。
ppgbp-019-pulselm-a-foundation-dataset-and-benchmark-for-ppg-text-learning,PulseLM: A Foundation Dataset and Benchmark for PPG-Text Learning,2026,2026-08-13,dataset-paper,arXiv,,https://arxiv.org/abs/2603.03331,primary-metadata,PPG | foundation dataset | PPG-text | question answering,15 public PPG sources,PPG | text question,Harmonized PPG segments paired with physiological question–answer tasks.,About 1.31 million 10-second PPG segments and 3.15 million QA pairs across 12 physiological QA tasks.,not applicable,0,not applicable,"Dataset/benchmark, not a cuffless BP calibration method.",varies-by-source/task,Must preserve subject IDs from each constituent dataset.,false,,"Benchmark aggregation, not clinical BP validation.",research-enabler,研究基础设施,PPG | task/question specification,false,Useful for multitask representation; does not validate absolute BP measurement.,medium,not applicable to dataset itself,varies by source dataset,source-dependent,source-dependent,not applicable,high risk if constituent windows are randomly split,must be actively prevented,Aggregating many sources amplifies split-provenance risk.,priority-reviewed,2026-08-24,重点深审。
ppgbp-020-integrating-biophysical-dynamics-with-a-data-driven-method-for-blood-pre,Integrating biophysical dynamics with a data-driven method for blood pressure estimation using photoplethysmography,2026,2026-08-14,paper,Biomedical Signal Processing and Control,,,daily-index-only,PPG | cuffless BP,not_reported,PPG,首批索引记录；方法细节待全文二次核验。,首批索引记录；定量结果待全文二次核验。,unknown,,unknown,论文未完成校准字段核验。,unknown,未完成全文核验。,unknown,,未完成全文核验。,unknown,待核验,PPG,unknown,不得将日报摘要直接等同于产品可部署证据。,unknown,unknown,unknown,unknown,unknown,unknown,unknown,unknown,未完成全文级审计。,preliminary-index,2026-08-24,来自此前 PPG 科研日报的首批去重索引。
ppgbp-021-last-cbpm-photoplethysmography-based-quasi-continuous-blood-pressure-mon,LAST-CBPM: photoplethysmography-based quasi-continuous blood pressure monitoring algorithm,2026,2026-08-14,paper,Biomedical Signal Processing and Control,,,daily-index-only,PPG | cuffless BP | wearable deployment,not_reported,PPG | IMU/context (possible),首批索引记录；方法细节待全文二次核验。,首批索引记录；定量结果待全文二次核验。,unknown,,unknown,论文未完成校准字段核验。,unknown,未完成全文核验。,unknown,,未完成全文核验。,unknown,待核验,PPG | IMU/context (possible),unknown,不得将日报摘要直接等同于产品可部署证据。,unknown,unknown,unknown,unknown,unknown,unknown,unknown,unknown,未完成全文级审计。,preliminary-index,2026-08-24,来自此前 PPG 科研日报的首批去重索引。
ppgbp-022-calibration-based-continuous-blood-pressure-estimation-using-pulse-deriv,Calibration-based continuous blood pressure estimation using pulse-derived signals and feature normalization,2026,2026-08-14,paper,Biomedical Signal Processing and Control,,,daily-index-only,PPG | cuffless BP | calibration/personalization,not_reported,PPG,首批索引记录；方法细节待全文二次核验。,首批索引记录；定量结果待全文二次核验。,unknown,,unknown,论文未完成校准字段核验。,unknown,未完成全文核验。,unknown,,未完成全文核验。,unknown,待核验,PPG,unknown,不得将日报摘要直接等同于产品可部署证据。,unknown,unknown,unknown,unknown,unknown,unknown,unknown,unknown,未完成全文级审计。,preliminary-index,2026-08-24,来自此前 PPG 科研日报的首批去重索引。
ppgbp-023-personalized-calibration-and-hybrid-feature-fusion-for-continuous-blood-,Personalized Calibration and Hybrid Feature Fusion for Continuous Blood Pressure Estimation Using PPG and ECG Signals,2026,2026-08-14,paper,Sensors,,,daily-index-only,PPG | cuffless BP | calibration/personalization,not_reported,PPG | ECG,首批索引记录；方法细节待全文二次核验。,首批索引记录；定量结果待全文二次核验。,unknown,,unknown,论文未完成校准字段核验。,unknown,未完成全文核验。,unknown,,未完成全文核验。,unknown,待核验,PPG | ECG,unknown,不得将日报摘要直接等同于产品可部署证据。,unknown,unknown,unknown,unknown,unknown,unknown,unknown,unknown,未完成全文级审计。,preliminary-index,2026-08-24,来自此前 PPG 科研日报的首批去重索引。
ppgbp-024-cuffless-hemodynamic-monitoring-with-physics-informed-machine-learning-m,Cuffless hemodynamic monitoring with physics-informed machine learning models,2026,2026-08-15,paper,Nature Communications,10.1038/s41467-026-72693-1,https://www.nature.com/articles/s41467-026-72693-1,primary-full-text,BioZ | cuffless BP | sPINN | physics-informed ML | smartwatch,PulseDB + synthetic BioZ | 75 healthy participants | hypertension/CVD clinical cohorts | one-year pilot,wrist BioZ resistance/reactance | space-time coordinates | optional anthropometric/anatomical metadata,BioZ signal encoder plus signal-tagged PINN constrained by Navier–Stokes/elastic-tube physics predicts BP and radial/axial velocity fields.,Cross-sectional r² ranges about 0.588–0.854 across cohorts; subject-specific models reached higher r². One-year pilot required daily recalibration to maintain performance.,population model plus optional subject-specific/daily recalibration,,daily in longitudinal pilot,"Despite calibration-free framing, full text reports limited longitudinal generalization and daily recalibration in the pilot.",mixed/limited,Population-wide results are shown without test-exclusive patients; subject-specific results are not unseen-subject generalization.,clinical feasibility cohorts,"healthy, hypertension, CVD and ICU/outpatient cohorts",No established cuffless BP validation protocol yet.,promising-but-not-ready,硬件可穿戴，算法纵向稳定性不足,wrist BioZ | stored model | optional demographics | possibly recent recalibration,not for each estimate; daily reference may be needed longitudinally,Watch battery about 6 h under continuous BLE in reported configuration.,high evaluation/generalization risk,not identified as current-window inverse scaling,paired BP used to train adaptive filter,paired signals used in training,unknown,daily reference recalibration in longitudinal pilot,not fully audited,population results not test-exclusive; subject-specific models are personalized,"Not necessarily classic target leakage, but evidence does not establish calibration-free unseen-user longitudinal deployment.",priority-reviewed,2026-08-24,重点深审。
ppgbp-025-apnea-burden-guided-framework-enhancing-out-of-distribution-generalizati,Apnea Burden-Guided Framework: Enhancing Out-of-Distribution Generalization in PPG-Based Sleep Apnea Characterization,2026,2026-08-15,paper,arXiv,,,daily-index-only,PPG,not_reported,PPG,首批索引记录；方法细节待全文二次核验。,首批索引记录；定量结果待全文二次核验。,unknown,,unknown,论文未完成校准字段核验。,unknown,未完成全文核验。,unknown,,未完成全文核验。,unknown,待核验,PPG,unknown,不得将日报摘要直接等同于产品可部署证据。,unknown,unknown,unknown,unknown,unknown,unknown,unknown,unknown,未完成全文级审计。,preliminary-index,2026-08-24,来自此前 PPG 科研日报的首批去重索引。
ppgbp-026-external-conditioning-of-data-collection-enhances-the-information-conten,External conditioning of data collection enhances the information content from wearable sensors,2026,2026-08-15,paper,npj Cardiovascular Health,,,daily-index-only,PPG | wearable deployment,not_reported,IMU/context (possible),首批索引记录；方法细节待全文二次核验。,首批索引记录；定量结果待全文二次核验。,unknown,,unknown,论文未完成校准字段核验。,unknown,未完成全文核验。,unknown,,未完成全文核验。,unknown,待核验,IMU/context (possible),unknown,不得将日报摘要直接等同于产品可部署证据。,unknown,unknown,unknown,unknown,unknown,unknown,unknown,unknown,未完成全文级审计。,preliminary-index,2026-08-24,来自此前 PPG 科研日报的首批去重索引。
ppgbp-027-a-four-wavelength-photoplethysmography-dataset-for-non-invasive-hemoglob,A Four-Wavelength Photoplethysmography dataset for non-invasive hemoglobin assessment,2026,2026-08-15,dataset-paper,Scientific Data,,,daily-index-only,PPG | dataset/benchmark,not_reported,PPG,首批索引记录；方法细节待全文二次核验。,首批索引记录；定量结果待全文二次核验。,unknown,,unknown,论文未完成校准字段核验。,unknown,未完成全文核验。,unknown,,未完成全文核验。,unknown,待核验,PPG,unknown,不得将日报摘要直接等同于产品可部署证据。,unknown,unknown,unknown,unknown,unknown,unknown,unknown,unknown,未完成全文级审计。,preliminary-index,2026-08-24,来自此前 PPG 科研日报的首批去重索引。
ppgbp-028-towards-trustworthy-ai-driven-cuffless-blood-pressure-monitoring,Towards trustworthy AI-driven cuffless blood pressure monitoring,2026,2026-08-15,paper,npj Digital Medicine,,,daily-index-only,PPG | cuffless BP | signal quality/trustworthiness | wearable deployment,not_reported,PPG | IMU/context (possible),首批索引记录；方法细节待全文二次核验。,首批索引记录；定量结果待全文二次核验。,unknown,,unknown,论文未完成校准字段核验。,unknown,未完成全文核验。,unknown,,未完成全文核验。,unknown,待核验,PPG | IMU/context (possible),unknown,不得将日报摘要直接等同于产品可部署证据。,unknown,unknown,unknown,unknown,unknown,unknown,unknown,unknown,未完成全文级审计。,preliminary-index,2026-08-24,来自此前 PPG 科研日报的首批去重索引。
ppgbp-029-from-ppg-to-blood-pressure-at-the-edge-quantization-aware-architecture-s,From PPG to Blood Pressure at the Edge: Quantization-Aware Architecture Selection and On-MCU Validation,2026,2026-08-16,paper,Sensors,,,daily-index-only,PPG | cuffless BP | wearable deployment,not_reported,PPG,首批索引记录；方法细节待全文二次核验。,首批索引记录；定量结果待全文二次核验。,unknown,,unknown,论文未完成校准字段核验。,unknown,未完成全文核验。,unknown,,未完成全文核验。,unknown,待核验,PPG,unknown,不得将日报摘要直接等同于产品可部署证据。,unknown,unknown,unknown,unknown,unknown,unknown,unknown,unknown,未完成全文级审计。,preliminary-index,2026-08-24,来自此前 PPG 科研日报的首批去重索引。
ppgbp-030-blood-pressure-estimation-using-single-photoplethysmography-signal-based,Blood pressure estimation using single photoplethysmography signal based on ResNet-BiGRU,2026,2026-08-16,paper,Biomedical Engineering / Biomedizinische Technik,,,daily-index-only,PPG | cuffless BP,not_reported,PPG,首批索引记录；方法细节待全文二次核验。,首批索引记录；定量结果待全文二次核验。,unknown,,unknown,论文未完成校准字段核验。,unknown,未完成全文核验。,unknown,,未完成全文核验。,unknown,待核验,PPG,unknown,不得将日报摘要直接等同于产品可部署证据。,unknown,unknown,unknown,unknown,unknown,unknown,unknown,unknown,未完成全文级审计。,preliminary-index,2026-08-24,来自此前 PPG 科研日报的首批去重索引。
ppgbp-031-utilizing-multi-ppg-sensor-site-information-in-a-localized-wrist-area-fo,Utilizing Multi-PPG-Sensor Site Information in a Localized Wrist Area for Improving Cuffless Blood Pressure Estimation,2026,2026-08-16,paper,IEEE Journal of Biomedical and Health Informatics,,,daily-index-only,PPG | cuffless BP,not_reported,PPG,首批索引记录；方法细节待全文二次核验。,首批索引记录；定量结果待全文二次核验。,unknown,,unknown,论文未完成校准字段核验。,unknown,未完成全文核验。,unknown,,未完成全文核验。,unknown,待核验,PPG,unknown,不得将日报摘要直接等同于产品可部署证据。,unknown,unknown,unknown,unknown,unknown,unknown,unknown,unknown,未完成全文级审计。,preliminary-index,2026-08-24,来自此前 PPG 科研日报的首批去重索引。
ppgbp-032-rethinking-ppg-based-sleep-staging-datasets-metrics-and-benchmarks,"Rethinking PPG-based Sleep Staging: Datasets, Metrics, and Benchmarks",2026,2026-08-16,paper,arXiv,,,daily-index-only,PPG | dataset/benchmark,not_reported,PPG,首批索引记录；方法细节待全文二次核验。,首批索引记录；定量结果待全文二次核验。,unknown,,unknown,论文未完成校准字段核验。,unknown,未完成全文核验。,unknown,,未完成全文核验。,unknown,待核验,PPG,unknown,不得将日报摘要直接等同于产品可部署证据。,unknown,unknown,unknown,unknown,unknown,unknown,unknown,unknown,未完成全文级审计。,preliminary-index,2026-08-24,来自此前 PPG 科研日报的首批去重索引。
ppgbp-033-roadmap-of-remote-photoplethysmography-from-heart-rate-measurement-towar,Roadmap of remote photoplethysmography from heart rate measurement toward clinical translation,2026,2026-08-16,review,npj Digital Medicine,,,daily-index-only,PPG | review,not_reported,PPG,首批索引记录；方法细节待全文二次核验。,首批索引记录；定量结果待全文二次核验。,unknown,,unknown,论文未完成校准字段核验。,unknown,未完成全文核验。,unknown,,未完成全文核验。,unknown,待核验,PPG,unknown,不得将日报摘要直接等同于产品可部署证据。,unknown,unknown,unknown,unknown,unknown,unknown,unknown,unknown,未完成全文级审计。,preliminary-index,2026-08-24,来自此前 PPG 科研日报的首批去重索引。
ppgbp-034-peak-independent-cuffless-blood-pressure-monitoring-using-a-smart-sock-t,Peak-Independent Cuffless Blood Pressure Monitoring Using a Smart Sock: The Role of Temporal Lag Modeling in Foot-Based PPG,2026,2026-08-17,paper,Sensors,,,daily-index-only,PPG | cuffless BP | wearable deployment,not_reported,PPG | IMU/context (possible),首批索引记录；方法细节待全文二次核验。,首批索引记录；定量结果待全文二次核验。,unknown,,unknown,论文未完成校准字段核验。,unknown,未完成全文核验。,unknown,,未完成全文核验。,unknown,待核验,PPG | IMU/context (possible),unknown,不得将日报摘要直接等同于产品可部署证据。,unknown,unknown,unknown,unknown,unknown,unknown,unknown,unknown,未完成全文级审计。,preliminary-index,2026-08-24,来自此前 PPG 科研日报的首批去重索引。
ppgbp-035-a-comparative-study-of-signal-representations-methods-and-deep-learning-,A Comparative Study of Signal Representations Methods and Deep Learning Architectures for PPG-Based Cuffless Blood Pressure Estimation,2026,2026-08-17,paper,Sensors,,,daily-index-only,PPG | cuffless BP | foundation model,not_reported,PPG,首批索引记录；方法细节待全文二次核验。,首批索引记录；定量结果待全文二次核验。,unknown,,unknown,论文未完成校准字段核验。,unknown,未完成全文核验。,unknown,,未完成全文核验。,unknown,待核验,PPG,unknown,不得将日报摘要直接等同于产品可部署证据。,unknown,unknown,unknown,unknown,unknown,unknown,unknown,unknown,未完成全文级审计。,preliminary-index,2026-08-24,来自此前 PPG 科研日报的首批去重索引。
ppgbp-036-multitaskbp-reliable-ppg-based-blood-pressure-measurement-under-motion-a,MultitaskBP: Reliable PPG-Based Blood Pressure Measurement Under Motion Artifact Corruption,2026,2026-08-17,paper,IEEE Transactions on Instrumentation and Measurement,,,daily-index-only,PPG | cuffless BP | signal quality/trustworthiness,not_reported,PPG | IMU/context (possible),首批索引记录；方法细节待全文二次核验。,首批索引记录；定量结果待全文二次核验。,unknown,,unknown,论文未完成校准字段核验。,unknown,未完成全文核验。,unknown,,未完成全文核验。,unknown,待核验,PPG | IMU/context (possible),unknown,不得将日报摘要直接等同于产品可部署证据。,unknown,unknown,unknown,unknown,unknown,unknown,unknown,unknown,未完成全文级审计。,preliminary-index,2026-08-24,来自此前 PPG 科研日报的首批去重索引。
ppgbp-037-innovative-wearable-platform-for-synchronized-biosignals-acquisition-a-p,Innovative Wearable Platform for Synchronized Biosignals Acquisition: A Proof of Concept in a Cuff-Less Blood Pressure Monitoring Case Study,2026,2026-08-17,paper,Publication not fully verified,,,daily-index-only,PPG | cuffless BP | wearable deployment,not_reported,PPG | IMU/context (possible),首批索引记录；方法细节待全文二次核验。,首批索引记录；定量结果待全文二次核验。,unknown,,unknown,论文未完成校准字段核验。,unknown,未完成全文核验。,unknown,,未完成全文核验。,unknown,待核验,PPG | IMU/context (possible),unknown,不得将日报摘要直接等同于产品可部署证据。,unknown,unknown,unknown,unknown,unknown,unknown,unknown,unknown,未完成全文级审计。,preliminary-index,2026-08-24,来自此前 PPG 科研日报的首批去重索引。
ppgbp-038-cfd-guided-detection-of-concept-drift-in-multimodal-physiologic-signals,CFD-Guided Detection of Concept Drift in Multimodal Physiologic Signals,2026,2026-08-17,paper,arXiv,,,daily-index-only,PPG,not_reported,not_reported,首批索引记录；方法细节待全文二次核验。,首批索引记录；定量结果待全文二次核验。,unknown,,unknown,论文未完成校准字段核验。,unknown,未完成全文核验。,unknown,,未完成全文核验。,unknown,待核验,not_reported,unknown,不得将日报摘要直接等同于产品可部署证据。,unknown,unknown,unknown,unknown,unknown,unknown,unknown,unknown,未完成全文级审计。,preliminary-index,2026-08-24,来自此前 PPG 科研日报的首批去重索引。
ppgbp-039-cap-towards-ppg-universal-representation-learning-with-patient-level-sup,CAP: Towards PPG Universal Representation Learning with Patient-level Supervision,2026,2026-08-18,paper,KDD 2026,,,daily-index-only,PPG | foundation model,not_reported,PPG,首批索引记录；方法细节待全文二次核验。,首批索引记录；定量结果待全文二次核验。,unknown,,unknown,论文未完成校准字段核验。,unknown,未完成全文核验。,unknown,,未完成全文核验。,unknown,待核验,PPG,unknown,不得将日报摘要直接等同于产品可部署证据。,unknown,unknown,unknown,unknown,unknown,unknown,unknown,unknown,未完成全文级审计。,preliminary-index,2026-08-24,来自此前 PPG 科研日报的首批去重索引。
ppgbp-040-photoplethysmography-acceleration-indices-as-digital-biomarkers-of-cardi,Photoplethysmography Acceleration Indices as Digital Biomarkers of Cardiometabolic Health,2026,2026-08-18,paper,Frontiers in Digital Health,,,daily-index-only,PPG,not_reported,PPG,首批索引记录；方法细节待全文二次核验。,首批索引记录；定量结果待全文二次核验。,unknown,,unknown,论文未完成校准字段核验。,unknown,未完成全文核验。,unknown,,未完成全文核验。,unknown,待核验,PPG,unknown,不得将日报摘要直接等同于产品可部署证据。,unknown,unknown,unknown,unknown,unknown,unknown,unknown,unknown,未完成全文级审计。,preliminary-index,2026-08-24,来自此前 PPG 科研日报的首批去重索引。
ppgbp-041-motion-aware-low-power-wearable-photoplethysmography-system-with-metamat,Motion-Aware Low-Power Wearable Photoplethysmography System with Metamaterial-Enhanced Wireless Telemetry,2026,2026-08-18,paper,IEEE Transactions on Biomedical Circuits and Systems,,,daily-index-only,PPG | wearable deployment,not_reported,PPG | IMU/context (possible),首批索引记录；方法细节待全文二次核验。,首批索引记录；定量结果待全文二次核验。,unknown,,unknown,论文未完成校准字段核验。,unknown,未完成全文核验。,unknown,,未完成全文核验。,unknown,待核验,PPG | IMU/context (possible),unknown,不得将日报摘要直接等同于产品可部署证据。,unknown,unknown,unknown,unknown,unknown,unknown,unknown,unknown,未完成全文级审计。,preliminary-index,2026-08-24,来自此前 PPG 科研日报的首批去重索引。
ppgbp-042-circuit-free-cardiovascular-monitoring-via-smartphone-readable-skin-inte,Circuit-Free Cardiovascular Monitoring via Smartphone-Readable Skin-Interfaced Nanophotonic Films,2026,2026-08-18,paper,Advanced Materials,,,daily-index-only,PPG | wearable deployment,not_reported,PPG | IMU/context (possible),首批索引记录；方法细节待全文二次核验。,首批索引记录；定量结果待全文二次核验。,unknown,,unknown,论文未完成校准字段核验。,unknown,未完成全文核验。,unknown,,未完成全文核验。,unknown,待核验,PPG | IMU/context (possible),unknown,不得将日报摘要直接等同于产品可部署证据。,unknown,unknown,unknown,unknown,unknown,unknown,unknown,unknown,未完成全文级审计。,preliminary-index,2026-08-24,来自此前 PPG 科研日报的首批去重索引。
ppgbp-043-long-term-accuracy-and-stability-of-blood-pressure-measurements-from-a-s,Long-term accuracy and stability of blood pressure measurements from a smartwatch: Prospective validation study,2026,2026-08-18,paper,Digital Health,10.1177/20552076261415923,https://doi.org/10.1177/20552076261415923,primary-full-text/abstract,PPG | smartwatch | cuffless BP | 28-day calibration stability,37-participant 28-day prospective cohort,Samsung Galaxy Watch 5 PPG pipeline | stored Day-0 cuff calibration,Day-0 calibration followed by 27 days of paired Galaxy Watch 5 and Omron M4 measurements.,Overall MD about −0.34 mmHg SBP and +0.62 mmHg DBP; estimated 28-day drift −0.19/+1.02 mmHg. Error increased when actual BP moved about 10 mmHg away from the initial calibration point.,single onboarding cuff calibration per manufacturer workflow,,Day 0; recommended 28-day interval,Prospective longitudinal evaluation of calibration stability.,not applicable,"Device validation cohort, not a retrained ML split.",true,37-participant prospective 28-day study,"Small, mostly young/normotensive cohort limits generalizability.",strong-conditional,真实 28 天可用证据，但人群有限,smartwatch PPG | stored Day-0 calibration,false,Daily Omron values were reference only and did not update watch outputs.,low,NO evidence,paired timing for validation only,device workflow,not reported as target-dependent,historical Day-0 cuff only,not applicable,not applicable,"Validates stability, not universal accuracy across hypertensive BP ranges.",priority-reviewed,2026-08-24,重点深审。
ppgbp-044-validation-of-ring-type-cuffless-blood-pressure-monitoring-device-for-de,Validation of ring-type cuffless blood pressure monitoring device for detecting awake-asleep BP variations compared to ambulatory BP monitoring device,2026,2026-08-19,paper,Hypertension Research,,,daily-index-only,PPG | cuffless BP | wearable deployment,not_reported,PPG | IMU/context (possible),首批索引记录；方法细节待全文二次核验。,首批索引记录；定量结果待全文二次核验。,unknown,,unknown,论文未完成校准字段核验。,unknown,未完成全文核验。,unknown,,未完成全文核验。,unknown,待核验,PPG | IMU/context (possible),unknown,不得将日报摘要直接等同于产品可部署证据。,unknown,unknown,unknown,unknown,unknown,unknown,unknown,unknown,未完成全文级审计。,preliminary-index,2026-08-24,来自此前 PPG 科研日报的首批去重索引。
ppgbp-045-cardiostate-jepa-delay-aware-cross-modal-learning-of-a-shared-cardiac-re,CardioState-JEPA: Delay-Aware Cross-Modal Learning of a Shared Cardiac Representation,2026,2026-08-19,paper,arXiv,,https://arxiv.org/abs/2608.12944,primary-abstract,PPG | ECG | PCG | foundation model | JEPA | delay alignment,multiple unimodal and paired cardiac datasets,PPG or ECG or PCG,"Two-stage joint-embedding predictive architecture with modality tokenizers, shared Transformer, masked latent prediction, and learned cross-modal delay alignment.","Frozen encoder reports +8.2 AUROC points for PPG classification, +18.8 for PCG murmur detection and +15.5 for ECG classification over the best SSL baseline.",not applicable,0,not applicable,No cuffless BP calibration study.,task-specific,Downstream protocols vary.,true,25 downstream tasks,Not a BP-regression validation.,research-enabler,可作为 PPG encoder,"one available cardiac modality, e.g. PPG",false,Delay aligner is learned during pretraining; BP head still needs separate validation.,low for BP target leakage,not applicable,"cross-modal delay alignment uses paired sensors, not BP target",not applicable,not applicable,not applicable,task-specific,task-specific,No absolute BP claim should be inferred.,priority-reviewed,2026-08-24,重点深审。
ppgbp-046-in-hospital-stroke-prediction-from-ppg-derived-hemodynamic-features,In-Hospital Stroke Prediction from PPG-Derived Hemodynamic Features,2026,2026-08-19,paper,KDD 2026,,,daily-index-only,PPG,not_reported,PPG,首批索引记录；方法细节待全文二次核验。,首批索引记录；定量结果待全文二次核验。,unknown,,unknown,论文未完成校准字段核验。,unknown,未完成全文核验。,unknown,,未完成全文核验。,unknown,待核验,PPG,unknown,不得将日报摘要直接等同于产品可部署证据。,unknown,unknown,unknown,unknown,unknown,unknown,unknown,unknown,未完成全文级审计。,preliminary-index,2026-08-24,来自此前 PPG 科研日报的首批去重索引。
ppgbp-047-a-dual-output-physiology-informed-neural-network-architecture-for-contin,A Dual-Output Physiology-Informed Neural Network Architecture for Continuous Cuffless Blood Pressure Waveform Estimation: A Proof-of-Concept,2026,2026-08-19,paper,Artery Research,,,daily-index-only,PPG | cuffless BP,not_reported,not_reported,首批索引记录；方法细节待全文二次核验。,首批索引记录；定量结果待全文二次核验。,unknown,,unknown,论文未完成校准字段核验。,unknown,未完成全文核验。,unknown,,未完成全文核验。,unknown,待核验,not_reported,unknown,不得将日报摘要直接等同于产品可部署证据。,unknown,unknown,unknown,unknown,unknown,unknown,unknown,unknown,未完成全文级审计。,preliminary-index,2026-08-24,来自此前 PPG 科研日报的首批去重索引。
ppgbp-048-automated-cardiac-arrest-detection-using-wrist-derived-photoplethysmogra,Automated cardiac arrest detection using wrist-derived photoplethysmography during withdrawal of life-sustaining treatment: a prospective clinical validation study,2026,2026-08-19,paper,The Lancet Regional Health – Europe,,,daily-index-only,PPG | wearable deployment,not_reported,PPG | IMU/context (possible),首批索引记录；方法细节待全文二次核验。,首批索引记录；定量结果待全文二次核验。,unknown,,unknown,论文未完成校准字段核验。,unknown,未完成全文核验。,unknown,,未完成全文核验。,unknown,待核验,PPG | IMU/context (possible),unknown,不得将日报摘要直接等同于产品可部署证据。,unknown,unknown,unknown,unknown,unknown,unknown,unknown,unknown,未完成全文级审计。,preliminary-index,2026-08-24,来自此前 PPG 科研日报的首批去重索引。
ppgbp-049-the-role-of-dataset-integrity-calibration-and-signal-quality-in-neural-n,"The role of dataset integrity, calibration and signal quality in neural network-based blood pressure estimation",2026,2026-08-20,paper,Scientific Reports,10.1038/s41598-026-66882-7,https://doi.org/10.1038/s41598-026-66882-7,primary-metadata/abstract,PPG | cuffless BP | dataset integrity | calibration | signal synchronization | data leakage,curated MIMIC-III | curated VitalDB,PPG | ECG-derived features for one baseline,"MLP, ResNet and TCN are compared on datasets differing in synchronization; subject-wise splits and 3–9 initial reference measurements test calibration effects.",VitalDB consistently outperformed MIMIC-III; calibration gains diminished beyond three measurements; calibrated DBP reached numerical clinical limits while SBP remained difficult.,initial subject-specific reference BP,3–9 tested,initial,Diminishing return beyond three initial measurements.,true,Abstract explicitly reports subject-wise splits to prevent leakage.,false,,Cross-dataset comparison is not the same as training on one and untouched external testing on another.,conditional,有条件可部署,PPG | possibly ECG/PAT features depending model | stored calibration,false,Requires initial cuff/reference measurements; emphasizes synchronized data and SQA.,low-to-medium,not reported as current-window dependent,"dataset-level synchronization is studied, not oracle per-window alignment",unknown,signal-quality curation used; exact target dependence needs methods audit,historical first 3–9 references only,reduced by subject-wise split,NO according to abstract,A methodological audit paper; still requires checking how curated test windows were selected.,priority-reviewed,2026-08-24,重点深审。
ppgbp-050-wearable-cuffless-and-portable-devices-for-blood-pressure-monitoring-201,"Wearable, cuffless, and portable devices for blood pressure monitoring (2015–2025): a scoping review of technologies, calibration, clinical validation, and regulatory frameworks",2026,2026-08-20,review,Frontiers in Digital Health,,,daily-index-only,PPG | cuffless BP | calibration/personalization | wearable deployment | review,not_reported,PPG | IMU/context (possible),首批索引记录；方法细节待全文二次核验。,首批索引记录；定量结果待全文二次核验。,unknown,,unknown,论文未完成校准字段核验。,unknown,未完成全文核验。,unknown,,未完成全文核验。,unknown,待核验,PPG | IMU/context (possible),unknown,不得将日报摘要直接等同于产品可部署证据。,unknown,unknown,unknown,unknown,unknown,unknown,unknown,unknown,未完成全文级审计。,preliminary-index,2026-08-24,来自此前 PPG 科研日报的首批去重索引。
ppgbp-051-change-point-aware-evaluation-and-re-calibration-of-ppg-based-blood-pres,Change Point–Aware Evaluation and Re-Calibration of PPG-Based Blood Pressure Estimation,2026,2026-08-21,paper,MLHC 2026 / arXiv,,https://arxiv.org/abs/2608.18639,primary-abstract,PPG | cuffless BP | change point | recalibration | evaluation,not_reported,PPG | BP trajectory for change-point evaluation,"Detects distributional change points in BP trajectories, evaluates models around fluctuations, and triggers targeted recalibration.","Shows substantial model degradation near BP change points; periodic calibration is insufficient, while change-point-triggered recalibration improves robustness (exact values pending table extraction).",change-point-triggered,,test-time/event-triggered,Deployment validity depends on whether trigger detection uses predicted BP/PPG only or true reference BP.,unknown,Full evaluation protocol requires audit.,false,,No independent clinical external validation confirmed.,conceptual/conditional,触发机制需改造成无参考 BP,PPG | change trigger available at deployment,potentially,"If true BP change points trigger recalibration, the reported protocol is not autonomous.",high,unknown,unknown,YES for evaluation periods around true BP change points,unknown,potentially YES — trigger is defined from BP trajectories,unknown,unknown,Valuable evaluation framework; its deployment claim must separate oracle change points from detectable real-world triggers.,priority-reviewed,2026-08-24,重点深审。
ppgbp-052-clinical-validation-of-photoplethysmography-based-finger-cuffless-blood-,Clinical Validation of Photoplethysmography-Based Finger Cuffless Blood Pressure Monitoring Following European Society of Hypertension Recommendations,2026,2026-08-21,paper,Journal of the American Heart Association,,,daily-index-only,PPG | cuffless BP | wearable deployment,not_reported,PPG | IMU/context (possible),首批索引记录；方法细节待全文二次核验。,首批索引记录；定量结果待全文二次核验。,unknown,,unknown,论文未完成校准字段核验。,unknown,未完成全文核验。,unknown,,未完成全文核验。,unknown,待核验,PPG | IMU/context (possible),unknown,不得将日报摘要直接等同于产品可部署证据。,unknown,unknown,unknown,unknown,unknown,unknown,unknown,unknown,未完成全文级审计。,preliminary-index,2026-08-24,来自此前 PPG 科研日报的首批去重索引。
ppgbp-053-when-is-rppg-physiologically-valid-for-stress-and-workload-monitoring-a-,When is rPPG physiologically valid for stress and workload monitoring? A PRISMA-ScR scoping review,2026,2026-08-21,review,Frontiers in Digital Health,,,daily-index-only,PPG | wearable deployment | review,not_reported,PPG | IMU/context (possible),首批索引记录；方法细节待全文二次核验。,首批索引记录；定量结果待全文二次核验。,unknown,,unknown,论文未完成校准字段核验。,unknown,未完成全文核验。,unknown,,未完成全文核验。,unknown,待核验,PPG | IMU/context (possible),unknown,不得将日报摘要直接等同于产品可部署证据。,unknown,unknown,unknown,unknown,unknown,unknown,unknown,unknown,未完成全文级审计。,preliminary-index,2026-08-24,来自此前 PPG 科研日报的首批去重索引。
ppgbp-054-fuzzy-accuracy-compensates-for-label-subjectivity-in-classification-of-s,Fuzzy Accuracy Compensates for Label Subjectivity in Classification of Skin Tone Using Wearable Photoplethysmography Signals,2026,2026-08-21,paper,FUZZ-IEEE 2026 / arXiv,,,daily-index-only,PPG | wearable deployment,not_reported,PPG | IMU/context (possible),首批索引记录；方法细节待全文二次核验。,首批索引记录；定量结果待全文二次核验。,unknown,,unknown,论文未完成校准字段核验。,unknown,未完成全文核验。,unknown,,未完成全文核验。,unknown,待核验,PPG | IMU/context (possible),unknown,不得将日报摘要直接等同于产品可部署证据。,unknown,unknown,unknown,unknown,unknown,unknown,unknown,unknown,未完成全文级审计。,preliminary-index,2026-08-24,来自此前 PPG 科研日报的首批去重索引。
ppgbp-055-optimizing-health-prediction-using-wearable-sensor-data-machine-learning,Optimizing health prediction using wearable sensor data: Machine learning for anomaly detection in PPG and HRV signals,2026,2026-08-21,paper,Procedia Computer Science,,,daily-index-only,PPG | wearable deployment,not_reported,PPG | IMU/context (possible),首批索引记录；方法细节待全文二次核验。,首批索引记录；定量结果待全文二次核验。,unknown,,unknown,论文未完成校准字段核验。,unknown,未完成全文核验。,unknown,,未完成全文核验。,unknown,待核验,PPG | IMU/context (possible),unknown,不得将日报摘要直接等同于产品可部署证据。,unknown,unknown,unknown,unknown,unknown,unknown,unknown,unknown,未完成全文级审计。,preliminary-index,2026-08-24,来自此前 PPG 科研日报的首批去重索引。
ppgbp-056-domain-independent-ppg-signal-quality-assessment-framework-via-represent,Domain-independent PPG signal quality assessment framework via representation learning,2026,2026-08-22,paper,Scientific Reports,10.1038/s41598-026-58783-6,https://www.nature.com/articles/s41598-026-58783-6,primary-full-text,PPG | signal quality | representation learning | domain generalization,CSL finger PPG | WCS wrist PPG | AA neck PPG,PPG,Fine-tunes a pretrained PPG Transformer with triplet loss; quality is embedding distance to high-quality reference embeddings.,"Approximate F1: 90% finger, 95% wrist with generalized references, 70% neck.",reference-embedding set,,device/domain setup,No BP calibration; reference embeddings define signal-quality score.,reported evaluation across datasets,Exact subject partition details need table-level audit.,true,wrist and neck datasets,Cross-location generalization is central.,deployable-front-end,适合作为 BP 模型前置 SQA,PPG | stored high-quality reference embeddings,false,Real-time compatible; no BP target needed.,low for BP target leakage,not applicable,not applicable,not BP-target based,"PPG morphology/expert quality labels, not BP values",not applicable,dataset-specific,dataset-specific,"If used in BP studies, freeze SQA before test evaluation and avoid tuning thresholds on test BP error.",priority-reviewed,2026-08-24,重点深审。
ppgbp-057-large-scale-bilateral-cardiovascular-monitoring-via-wearable-rings,Large-scale bilateral cardiovascular monitoring via wearable rings,2026,2026-08-22,paper,npj Digital Medicine,10.1038/s41746-026-03036-z,https://pubmed.ncbi.nlm.nih.gov/42477400/,primary-abstract,PPG | ring | bilateral | cuffless BP | benchmark,MAIBO-derived bilateral benchmark,left ring PPG | right ring PPG,Twelve backbones benchmark bilateral and averaged ring-PPG prediction across cardiovascular/demographic targets.,"97,559 valid samples from 1,810 participants; bilateral SBP/DBP MAE 12.36/8.21 mmHg, only modestly better than cohort-mean baselines 13.81/9.27.",none reported,0,none,Population benchmark.,needs full-method verification,Do not assume session-level split is safe.,false,,Single benchmark cohort.,limited-for-BP,HR 价值较强，绝对 BP 价值有限,bilateral ring PPG,false,Two-ring requirement is itself a deployment cost.,medium,not reported,session-synchronized reference BP,unknown,valid-sample selection requires audit,not reported,unknown,unknown pending split verification,Transparent weak BP result is more credible than near-zero MAE under unsafe splits.,priority-reviewed,2026-08-24,重点深审。
ppgbp-058-photoplethysmography-for-heart-rate-and-rhythm-monitoring-current-eviden,Photoplethysmography for Heart Rate and Rhythm Monitoring: Current Evidence and Clinical Applications,2026,2026-08-22,review,Review publication not fully verified,,,daily-index-only,PPG | wearable deployment,not_reported,PPG | IMU/context (possible),首批索引记录；方法细节待全文二次核验。,首批索引记录；定量结果待全文二次核验。,unknown,,unknown,论文未完成校准字段核验。,unknown,未完成全文核验。,unknown,,未完成全文核验。,unknown,待核验,PPG | IMU/context (possible),unknown,不得将日报摘要直接等同于产品可部署证据。,unknown,unknown,unknown,unknown,unknown,unknown,unknown,unknown,未完成全文级审计。,preliminary-index,2026-08-24,来自此前 PPG 科研日报的首批去重索引。
ppgbp-059-evaluation-of-alysis-001-cuffless-blood-pressure-estimation-algorithm-ag,Evaluation of Alysis-001 cuffless blood pressure estimation algorithm against the European Society of Hypertension awake/asleep test criteria in hypertensive patients,2026,2026-08-23,paper,Hypertension Research,10.1038/s41440-026-02728-z,https://www.nature.com/articles/s41440-026-02728-z,primary-full-text,cuffless BP | wearable | clinical validation | ESH awake/asleep | calibration-free,independent development cohorts: 953 seated-rest + 150 treadmill | prospective 24 h hypertensive cohort,green/red/IR PPG | electro-potential pulse signal | accelerometer | gyroscope | skin temperature | age | height | weight,"Biomechanical Moens–Korteweg-based multiparametric algorithm estimates velocity, volume and arterial elasticity; motion/posture correction and signal-quality rejection are applied.","92 enrolled, 78 analyzed; passed all ESH awake/asleep criteria under both extraction strategies; ICC >0.70, non-dipper sensitivity 0.93, specificity 0.75, accuracy 0.82.",demographic calibration only,0,none,"Uses age, height and weight; no initial or periodic cuff calibration.",true,Evaluation cohort has no overlap with independent development datasets.,true,prospective 24 h hypertensive outpatients,"Reference ABPM every 30 min; ESH awake/asleep primary test, not the entire cuffless-device validation suite.",strong-conditional,真实可穿戴证据较强,multispectral PPG | electro-potential | IMU | temperature | demographics,false,Automatically rejects high-intensity activity; does not require cuff calibration.,low,NO evidence,"30-min aggregation used for comparison, not to generate individual estimates",wearable uses fixed 10 s cycles; reference ABPM does not select beats,"internal sensor SQA/IMU rejection, not reference-BP filtering",NO — demographics only,not applicable to independent prospective cohort,NO cohort overlap reported,"Reference ABPM is used for validation, not fed into Alysis estimates.",priority-reviewed,2026-08-24,重点深审；通过 awake/asleep primary test does not equal completing every ESH test.
ppgbp-060-a-multi-posture-asymmetry-aware-intelligent-bilateral-observation-datase,A Multi-posture Asymmetry-aware Intelligent Bilateral Observation Dataset for Cardiovascular Monitoring,2026,2026-08-24,dataset-paper,Scientific Data,10.1038/s41597-026-07915-8,https://www.nature.com/articles/s41597-026-07915-8,primary-full-text,PPG | dataset | ring | bilateral | posture | cuffless BP,MAIBO,left ring PPG | right ring PPG | posture | age | sex | BMI,Dataset descriptor: synchronized bilateral ring PPG across three standardized postures with SBP/DBP/HR and demographic labels.,"1,810 participants and 7,478 sessions; designed for bilateral and posture-dependent cardiovascular benchmarking.",not applicable to dataset,0,not applicable,Reference BP labels are provided; downstream users must define calibration protocol.,not imposed,Dataset users must split by participant ID; random session/window split is unsafe.,false,,"Dataset resource, not an externally validated estimator.",research-enabler,贴近 ring wearable,ring PPG | optional posture/IMU,false,Suitable for left→right and posture-shift tests.,low at dataset construction / high if mis-split,not inherent,reference labels synchronized at session level,downstream-defined,dataset QC present; no current-BP inverse scaling found,downstream-defined,must avoid random sessions/windows,must enforce subject-disjoint partitions,Dataset does not guarantee safe downstream splitting by itself.,priority-reviewed,2026-08-24,重点深审。
ppgbp-061-healthring-physiology-dataset-for-health-sensing-on-rings,HealthRing: Physiology Dataset for Health Sensing on Rings,2026,2026-08-24,dataset-paper,Scientific Data,10.1038/s41597-026-07289-x,https://www.nature.com/articles/s41597-026-07289-x,primary-full-text,PPG | dataset | ring | motion artifact | wearable | cuffless BP,HealthRing,reflective red/IR PPG | transmissive red/IR PPG | 3-axis accelerometer,"Three synchronized cohorts: controlled stimuli, semi-free-living activities and treadmill running; RingTool provides signal-processing and DL baselines.","54 adults; controlled+daily benchmarks: SBP/DBP MAE 12.98/7.64 mmHg, HR 5.33 bpm, RR 2.98 breaths/min, SpO2 1.72%.",benchmark-dependent,,not_reported,Dataset paper does not establish a product calibration protocol.,dataset benchmark dependent,Downstream users must preserve subject separation.,cross-cohort stress test,treadmill cohort,"Motion cohort tests transfer, but BP benchmark is mainly controlled/daily.",research-enabler,真实 wearable 数据价值高，BP 精度有限,ring PPG | accelerometer,false,Supports rejection/robustness research under arm swing.,medium,not reported as target-dependent,synchronized labels are dataset ground truth,benchmark-defined; audit before reuse,quality controls present; target dependence not established,not inherent,possible if windows are shuffled,must be actively prevented,Benchmark MAE is not a consumer-device validation.,priority-reviewed,2026-08-24,重点深审。
ppgbp-062-validation-of-photoplethysmography-derived-short-term-heart-rate-variabi,Validation of photoplethysmography-derived short-term heart rate variability using a wearable device,2026,2026-08-24,paper,Scientific Reports,,,daily-index-only,PPG | wearable deployment,not_reported,PPG | IMU/context (possible),首批索引记录；方法细节待全文二次核验。,首批索引记录；定量结果待全文二次核验。,unknown,,unknown,论文未完成校准字段核验。,unknown,未完成全文核验。,unknown,,未完成全文核验。,unknown,待核验,PPG | IMU/context (possible),unknown,不得将日报摘要直接等同于产品可部署证据。,unknown,unknown,unknown,unknown,unknown,unknown,unknown,unknown,未完成全文级审计。,preliminary-index,2026-08-24,来自此前 PPG 科研日报的首批去重索引。
ppgbp-063-feasibility-of-a-noninvasive-photoplethysmography-based-wearable-chest-p,Feasibility of a noninvasive photoplethysmography-based wearable chest patch for cardiac output assessment during exercise compared with thermodilution right heart catheterization,2026,2026-08-24,paper,Scientific Reports,,,daily-index-only,PPG | wearable deployment,not_reported,PPG | IMU/context (possible),首批索引记录；方法细节待全文二次核验。,首批索引记录；定量结果待全文二次核验。,unknown,,unknown,论文未完成校准字段核验。,unknown,未完成全文核验。,unknown,,未完成全文核验。,unknown,待核验,PPG | IMU/context (possible),unknown,不得将日报摘要直接等同于产品可部署证据。,unknown,unknown,unknown,unknown,unknown,unknown,unknown,unknown,未完成全文级审计。,preliminary-index,2026-08-24,来自此前 PPG 科研日报的首批去重索引。
ppgbp-064-causal-decomposition-of-ppg-signals-for-cuffless-blood-pressure-estimati,Causal Decomposition of PPG Signals for Cuffless Blood Pressure Estimation,2026,2026-08-24,paper,IEEE Transactions on Biomedical Engineering,10.1109/TBME.2026.3702361,https://pubmed.ncbi.nlm.nih.gov/42268766/,primary-abstract,PPG | cuffless BP | EEMD | causal inference | interpretability,not_reported,PPG,EEMD decomposes PPG into IMFs; counterfactual exclusion and structural causal modeling select BP-relevant components; CNN/GBRT/PAT baselines are compared.,"IMF4–6 showed strongest causal association; CNN using IMF4+5 achieved SBP/DBP MAE 5.55/3.45 mmHg, improving 26.39%/17.86% over original PPG.",unknown,,unknown,Abstract does not describe a deployment calibration protocol.,unknown,Needs full-text protocol audit.,false,,No external cohort confirmed from abstract.,promising-research,算法上可 PPG-only，证据不足,PPG | fixed EEMD/component-selection pipeline,false,Causal component selection is learned offline; real-time EEMD cost and cross-dataset stability remain open.,medium,not reported,not reported,unknown,unknown,not reported,unknown,unknown,Causal language does not substitute for subject-disjoint and external validation.,priority-reviewed,2026-08-24,重点深审。
ppgbp-065-a-revised-point-to-point-calibration-approach-with-adaptive-errors-corre,A Revised Point-to-Point Calibration Approach with Adaptive Errors Correction to Weaken Initial Sensitivity of Cuff-Less Blood Pressure Estimation,2020,,paper,Sensors,,https://pmc.ncbi.nlm.nih.gov/articles/PMC7218878/,primary-full-text,cuffless BP | PTT | calibration | adaptive correction,controlled exercise cohort,ECG/PPG-derived PTT | stored calibration parameters,Compares original one-point PTP calibration with mean PTP (mPTP) and penalty-factor adaptive PTP (fPTP) correction across exercise intensities.,mPTP and fPTP reduce sensitivity to a single initial calm-state sample and improve consistency relative to oPTP; exact metrics retained in source paper.,mPTP/fPTP point-to-point,multiple calm-state points for mean; adaptive correction thereafter,initial + real-time correction,Older calibration baseline included because it was explicitly referenced in prior planning.,not applicable/within-subject calibration study,Not an unseen-subject DL benchmark.,false,,Controlled cohort only.,conditional,可作为校准基线,PTT or pulse-derived features | stored individual parameters,depends on adaptive correction implementation,Must ensure fPTP updates do not use contemporaneous reference BP unavailable in deployment.,medium,not applicable,ECG–PPG timing is an input feature,protocol-defined,unknown,historical BP definitely used; real-time correction path requires audit,not applicable,not applicable,"Calibration study, not calibration-free estimation.",priority-reviewed,2026-08-24,补录此前明确提到的校准基线。
