id,title,year,first_reported_in_daily,record_type,source_venue,doi,url,source_verification,topics,datasets,input_signals,model_method,main_results,study_goal_zh,method_summary_zh,result_summary_zh,conclusion_summary_zh,takeaway_zh,deployment_summary_zh,leakage_summary_zh,content_status_zh,calibration_type,calibration_points,calibration_timing,calibration_notes,subject_split,subject_split_notes,external_validation,external_dataset_or_cohort,external_validation_notes,deployability,deployment_judgment,inference_inputs,current_reference_bp_required,deployment_notes,leakage_risk,abp_bp_denormalization,abp_bp_alignment,abp_bp_windowing,abp_bp_quality_filtering,target_dependent_calibration,window_leakage,subject_leakage,leakage_notes,audit_status,evidence_checked_on,notes
ppgbp-001-blood-pressure-estimation-from-ppg-a-comparative-study-of-direct-and-ecg,Blood Pressure Estimation from PPG: A Comparative Study of Direct and ECG-Mediated Deep Learning Pipelines,2026,2026-08-11,paper,arXiv,,,daily-index-only,PPG | cuffless BP,not_reported,PPG | ECG,首批索引记录；方法细节待全文二次核验。,首批索引记录；定量结果待全文二次核验。,这篇记录关注PPG、无袖带 BP。当前数据库只完成题录和研究方向收录。,尚未完成全文方法核验，暂不展示模型结构、预处理或训练流程，避免把标题推断当成论文事实。,尚未核对样本量、误差指标、对照组和统计结果，因此不提供定量性能结论。,现阶段只能确认研究方向，不能据此判断模型优劣、临床准确性或真实可部署性。,可作为后续阅读线索；在完成全文核验前，不应作为工程选型或临床证据。,推理输入来自题录初步标注，校准要求和真实部署条件仍待全文确认。,反归一化、对齐、切窗、质量筛选、校准以及 window/subject leakage 均待全文级审计。,待全文核验,unknown,,unknown,论文未完成校准字段核验。,unknown,未完成全文核验。,unknown,,未完成全文核验。,unknown,待核验,PPG | ECG,unknown,不得将日报摘要直接等同于产品可部署证据。,unknown,unknown,unknown,unknown,unknown,unknown,unknown,unknown,未完成全文级审计。,preliminary-index,2026-08-24,来自此前 PPG 科研日报的首批去重索引。
ppgbp-002-evaluating-cross-dataset-transfer-learning-for-photoplethysmography-base,Evaluating cross-dataset transfer learning for photoplethysmography-based blood pressure estimation,2026,2026-08-11,paper,Scientific Reports,10.1038/s41598-026-43409-8,https://www.nature.com/articles/s41598-026-43409-8,primary-full-text,PPG | cuffless BP | cross-dataset transfer | personalization,MIMIC-III | VitalDB | Radboud wearable dataset,PPG,Compact BP-CRNN pretrained on a source dataset; last convolutional and fully connected layers are fine-tuned with limited target-subject data.,"Cross-dataset personalization on 200 patients achieved SBP/DBP MAE 3.36/1.81 mmHg, about 13% better than no transfer; external wearable-domain errors remained around SBP 10.5–10.9 and DBP 6.9 mmHg in the prior review.",检验一个在医院数据上训练的 PPG→BP 模型，能否用少量目标用户数据迁移到新数据集和真实可穿戴场景。,先在源数据集预训练轻量 BP-CRNN，再只微调最后的卷积层和全连接层，用少量目标用户的 PPG 与参考 BP 完成个体化。,在 200 名目标患者的个体化实验中，SBP/DBP MAE 为 3.36/1.81 mmHg，比不做迁移约改善 13%；到了外部可穿戴数据，误差升至约 10.5–10.9/6.9 mmHg。,跨数据集迁移和个体化确实有帮助，但医院数据上的好成绩不能直接代表可穿戴场景；真实域差异仍然很大。,可用于需要入组校准的个体化方案，不能当作免校准、跨人群通用模型。,上线前需要用户提供少量 PPG+参考 BP 做微调；之后单次推理只需 PPG 和已保存的个体参数。,未发现推理时使用当前测试 BP；主要风险是同一用户的校准窗口与测试窗口过近，造成个体化结果偏乐观。,已完成重点深审,subject-specific fine-tuning,,onboarding/target adaptation,Needs limited target-user PPG with reference BP.,true,Evaluation is organized by target subjects; source and target datasets are distinct.,true,Radboud wearable dataset,Shows clear hospital-to-wearable domain gap.,conditional,有条件可部署,PPG | stored personalized weights,false,"Personal reference BP is required before deployment, not for each prediction.",low-to-medium,not reported as current-test target dependent,dataset synchronization used; no per-window target alignment confirmed,reference BP used to create supervised target windows,quality filtering present; exact target dependence needs protocol audit,historical target-subject BP used for fine-tuning,controlled by subject-specific protocol but temporal proximity remains a concern,not the primary risk; evaluation is personalized by design,"Strong deployment relevance, but personalized results cannot be read as calibration-free cross-person generalization.",priority-reviewed,2026-08-24,重点深审。
ppgbp-003-single-beat-cuffless-blood-pressure-estimation-using-ear-ppg-and-ecg-wit,Single-Beat Cuffless Blood Pressure Estimation Using Ear-PPG and ECG with a Lightweight Hybrid Learning Framework,2026,2026-08-11,paper,EMBC 2026 / arXiv,,,daily-index-only,PPG | cuffless BP,not_reported,PPG | ECG,首批索引记录；方法细节待全文二次核验。,首批索引记录；定量结果待全文二次核验。,这篇记录关注PPG、无袖带 BP。当前数据库只完成题录和研究方向收录。,尚未完成全文方法核验，暂不展示模型结构、预处理或训练流程，避免把标题推断当成论文事实。,尚未核对样本量、误差指标、对照组和统计结果，因此不提供定量性能结论。,现阶段只能确认研究方向，不能据此判断模型优劣、临床准确性或真实可部署性。,可作为后续阅读线索；在完成全文核验前，不应作为工程选型或临床证据。,推理输入来自题录初步标注，校准要求和真实部署条件仍待全文确认。,反归一化、对齐、切窗、质量筛选、校准以及 window/subject leakage 均待全文级审计。,待全文核验,unknown,,unknown,论文未完成校准字段核验。,unknown,未完成全文核验。,unknown,,未完成全文核验。,unknown,待核验,PPG | ECG,unknown,不得将日报摘要直接等同于产品可部署证据。,unknown,unknown,unknown,unknown,unknown,unknown,unknown,unknown,未完成全文级审计。,preliminary-index,2026-08-24,来自此前 PPG 科研日报的首批去重索引。
ppgbp-004-smartwatch-photoplethysmography-derived-heart-age-via-ecg-guided-cross-m,Smartwatch Photoplethysmography-Derived Heart Age via ECG-Guided Cross-Modal Pretraining as a Digital Biomarker of Vascular Aging,2026,2026-08-11,paper,Preprint,,,daily-index-only,PPG | foundation model | wearable deployment,not_reported,PPG | ECG | IMU/context (possible),首批索引记录；方法细节待全文二次核验。,首批索引记录；定量结果待全文二次核验。,这篇记录关注PPG、foundation model、可穿戴部署。当前数据库只完成题录和研究方向收录。,尚未完成全文方法核验，暂不展示模型结构、预处理或训练流程，避免把标题推断当成论文事实。,尚未核对样本量、误差指标、对照组和统计结果，因此不提供定量性能结论。,现阶段只能确认研究方向，不能据此判断模型优劣、临床准确性或真实可部署性。,可作为后续阅读线索；在完成全文核验前，不应作为工程选型或临床证据。,推理输入来自题录初步标注，校准要求和真实部署条件仍待全文确认。,反归一化、对齐、切窗、质量筛选、校准以及 window/subject leakage 均待全文级审计。,待全文核验,unknown,,unknown,论文未完成校准字段核验。,unknown,未完成全文核验。,unknown,,未完成全文核验。,unknown,待核验,PPG | ECG | IMU/context (possible),unknown,不得将日报摘要直接等同于产品可部署证据。,unknown,unknown,unknown,unknown,unknown,unknown,unknown,unknown,未完成全文级审计。,preliminary-index,2026-08-24,来自此前 PPG 科研日报的首批去重索引。
ppgbp-005-a-robust-ppg-foundation-model-using-multimodal-physiological-supervision,A robust PPG foundation model using multimodal physiological supervision,2026,2026-08-11,paper,Preprint,,,daily-index-only,PPG | foundation model,not_reported,PPG,首批索引记录；方法细节待全文二次核验。,首批索引记录；定量结果待全文二次核验。,这篇记录关注PPG、foundation model。当前数据库只完成题录和研究方向收录。,尚未完成全文方法核验，暂不展示模型结构、预处理或训练流程，避免把标题推断当成论文事实。,尚未核对样本量、误差指标、对照组和统计结果，因此不提供定量性能结论。,现阶段只能确认研究方向，不能据此判断模型优劣、临床准确性或真实可部署性。,可作为后续阅读线索；在完成全文核验前，不应作为工程选型或临床证据。,推理输入来自题录初步标注，校准要求和真实部署条件仍待全文确认。,反归一化、对齐、切窗、质量筛选、校准以及 window/subject leakage 均待全文级审计。,待全文核验,unknown,,unknown,论文未完成校准字段核验。,unknown,未完成全文核验。,unknown,,未完成全文核验。,unknown,待核验,PPG,unknown,不得将日报摘要直接等同于产品可部署证据。,unknown,unknown,unknown,unknown,unknown,unknown,unknown,unknown,未完成全文级审计。,preliminary-index,2026-08-24,来自此前 PPG 科研日报的首批去重索引。
ppgbp-006-few-shot-personalized-blood-pressure-estimation-from-photoplethysmograph,Few-Shot Personalized Blood Pressure Estimation from Photoplethysmography and Physiological Priors via Low-Rank Adaptation,2026,2026-08-12,paper,IEEE Journal of Biomedical and Health Informatics,,https://pubmed.ncbi.nlm.nih.gov/41701592/,primary-metadata/abstract,PPG | cuffless BP | personalization | LoRA | physiological prior,UCI Cuffless BP | University of Queensland | CAS-BP,PPG | physiological priors,Population-pretrained Transformer personalized with sampling-rate-robust LoRA (SRR-LoRA) and pulse-pressure consistency loss.,"Reported SBP MAE 1.52 mmHg and DBP MAE 1.07 mmHg after few-shot personalization; 2,405 pretraining subjects and 316 personalization subjects were described in the prior daily review.",用少量个人样本，把群体 PPG→BP 模型快速适配到新用户，同时尽量减少需要更新的参数量。,先训练群体 Transformer，再用 SRR-LoRA 做低秩个体化，并加入 pulse pressure 一致性损失；个人适配只更新少量 LoRA 参数。,"论文报告个体化后 SBP/DBP MAE 为 1.52/1.07 mmHg；此前日报记录的预训练人群为 2,405 人，个体化实验为 316 人。",Few-shot LoRA 能显著提高同一用户上的预测精度，但高精度依赖个人标注样本，不能表述为“无需校准”。,工程上有吸引力，但必须把个人 cuff BP 的采集成本和校准—测试时间间隔写清楚。,完成入组校准后可仅用 PPG 推理；生成个人 LoRA adapter 时仍需要带参考 BP 的个人样本。,未发现当前测试 BP 进入推理；需继续核对个人校准窗口与测试窗口是否严格分离。,已完成重点深审,few-shot personal fine-tuning,,onboarding,Requires labeled personal PPG/BP examples; exact shot count varies by experiment and is not safely reduced here to a single number.,reported-subject-aware,Personalization cohorts are subject-based; exact train/validation/test protocol still needs full-text table verification.,false,,"Multiple datasets used, but no clearly independent external clinical validation was confirmed.",conditional,有条件可部署,PPG | stored personalized LoRA parameters,false,"Deployment can be PPG-only after onboarding, but cuff/reference BP is needed to create the personalized adapter.",medium,not_found,not_found,unknown,unknown,historical personal BP labels used for onboarding,not fully verified,lower risk if reported subject protocol is followed,No evidence that current test BP is needed at inference; personalization can still make same-person evaluation optimistic if calibration/test windows are too close.,priority-reviewed,2026-08-24,重点深审；不要把“少样本个体化”误写成“无需校准”。
ppgbp-007-feasibility-and-performance-evaluation-of-ppg-on-a-galaxy-watch-in-conti,Feasibility and performance evaluation of PPG on a Galaxy Watch in continuous central blood pressure monitoring,2026,2026-08-12,paper,European Heart Journal – Digital Health,,https://pmc.ncbi.nlm.nih.gov/articles/PMC12912915/,primary-full-text,PPG | Galaxy Watch | central BP | change tracking | external prospective validation,6117 measurements/440 development participants | 114 catheterization validation participants,Galaxy Watch 6 PPG | optional baseline calibration,PPG algorithm detects relative MAP/SBP/DBP changes against invasive central aortic BP; prospective catheterization evaluation.,For ≥15% MAP increase AUC 0.85; MAP-change correlation r=0.92 with bias 0.51 mmHg; median detection delay 1 min; uncalibrated change detection remained robust.,验证 Galaxy Watch 的腕部 PPG 能否连续追踪中心动脉 BP 的相对变化，而不是只在静息时给出一个绝对 BP 数字。,算法从手表 PPG 提取 MAP/SBP/DBP 的变化，并在导管检查人群中与侵入式中心主动脉 BP 做前瞻性比较；同时比较有、无基线校准。,识别 MAP 上升≥15% 的 AUC 为 0.85；MAP 变化相关系数 r=0.92，偏差 0.51 mmHg，中位检测延迟 1 分钟；无校准时变化检测仍较稳健。,腕部 PPG 很适合做 ΔBP/MAP 趋势追踪，但这项研究并未证明手表可按完整标准输出可靠的绝对 BP。,把它理解为“变化报警器”比“电子血压计”更准确。,推理只需腕部 PPG，可选基线；适合趋势监测，不应外推为绝对 BP 产品验证。,开发与前瞻性验证队列分开，未见当前参考 BP 输入模型；侵入式 BP 仅用于评价。,已完成重点深审,baseline calibration optional for change tracking,,baseline,Calibrated and uncalibrated relative-change analyses were both reported.,true,Development and prospective evaluation cohorts are separate.,true,114 prospective catheterization patients,Reference is invasive central aortic BP.,promising-change-tracking,适合 ΔBP/MAP 变化检测，非绝对 BP 产品验证,wrist PPG | optional baseline,false,Protocol did not satisfy all relevant validation requirements.,low,not reported,minute-level paired reference used for evaluation,fixed time points,not reported as target-based,baseline only/optional,not applicable across separate cohorts,NO apparent cohort overlap,Reference BP defines outcomes but is not needed by deployed PPG model.,priority-reviewed,2026-08-24,重点深审。
ppgbp-008-validation-and-subgroup-analysis-of-the-accuracy-of-the-photoplethysmogr,Validation and Subgroup Analysis of the Accuracy of the Photoplethysmography-based Microlife Cuffless Upper-arm Wearable Blood Pressure Monitor,2026,2026-08-12,paper,American Journal of Hypertension,10.1093/ajh/hpaf238,https://pubmed.ncbi.nlm.nih.gov/41390956/,primary-abstract,PPG | cuffless BP | clinical validation | skin tone | age,prospective 120-participant validation cohort,upper-arm PPG | stored cuff calibration,Commercial upper-arm PPG cuffless monitor evaluated with sequential same-arm measurements under AAMI/ESH/ISO 81060-2:2018/Amd 1:2020.,120 adults; met AAMI/ESH/ISO accuracy criteria and showed broadly consistent results across age and Fitzpatrick skin-tone groups.,按医疗器械标准检验 Microlife 上臂式 PPG 无袖带血压计的准确性，并观察年龄和肤色亚组是否一致。,在 120 名成人中采用同臂序贯测量，与参考 cuff BP 比较，并按 AAMI/ESH/ISO 81060-2:2018/Amd 1:2020 的要求评估。,设备达到论文采用的 AAMI/ESH/ISO 准确性判据；年龄与 Fitzpatrick 肤色亚组结果总体一致。,这是较接近产品验证的证据，但使用方式和校准条件仍需遵守研究协议，不能泛化到所有场景。,比纯算法回顾性实验更接近真实产品证据，但仍要看校准、测量姿势和适用人群。,适合校准后进行居家频繁测量；需要按设备说明完成初始校准。,属于独立设备验证，不是随机窗口训练评估；主要关注校准流程与参考测量协议，而非模型窗口泄露。,已完成重点深审,individual cuff calibration,,before validation,Calibrated against a clinically validated mercury sphygmomanometer.,not applicable to device validation,Prospective measurement validation rather than model train/test split.,true,120-participant prospective validation,General adult population with subgroup analysis.,strong-conditional,临床验证较强但需要袖带校准,upper-arm PPG | stored personal calibration,false,Suitable for frequent home measurements after calibration.,low,not reported,sequential same-arm reference protocol,device-defined,not reported as reference-target based,historical cuff calibration only,not applicable,not applicable to prospective device validation,"Calibration is an authorized deployment input, not leakage, provided later reference readings are only evaluation targets.",priority-reviewed,2026-08-24,重点深审。
ppgbp-009-sigma-ppg-statistical-prior-informed-generative-masking-architecture-for,SIGMA-PPG: Statistical-prior Informed Generative Masking Architecture for PPG Foundation Model,2026,2026-08-12,paper,arXiv,,,daily-index-only,PPG | foundation model,not_reported,PPG,首批索引记录；方法细节待全文二次核验。,首批索引记录；定量结果待全文二次核验。,这篇记录关注PPG、foundation model。当前数据库只完成题录和研究方向收录。,尚未完成全文方法核验，暂不展示模型结构、预处理或训练流程，避免把标题推断当成论文事实。,尚未核对样本量、误差指标、对照组和统计结果，因此不提供定量性能结论。,现阶段只能确认研究方向，不能据此判断模型优劣、临床准确性或真实可部署性。,可作为后续阅读线索；在完成全文核验前，不应作为工程选型或临床证据。,推理输入来自题录初步标注，校准要求和真实部署条件仍待全文确认。,反归一化、对齐、切窗、质量筛选、校准以及 window/subject leakage 均待全文级审计。,待全文核验,unknown,,unknown,论文未完成校准字段核验。,unknown,未完成全文核验。,unknown,,未完成全文核验。,unknown,待核验,PPG,unknown,不得将日报摘要直接等同于产品可部署证据。,unknown,unknown,unknown,unknown,unknown,unknown,unknown,unknown,未完成全文级审计。,preliminary-index,2026-08-24,来自此前 PPG 科研日报的首批去重索引。
ppgbp-010-wavelet-driven-masked-multiscale-reconstruction-for-ppg-foundation-model,Wavelet-Driven Masked Multiscale Reconstruction for PPG Foundation Models,2026,2026-08-12,paper,Preprint,,,daily-index-only,PPG | foundation model,not_reported,PPG,首批索引记录；方法细节待全文二次核验。,首批索引记录；定量结果待全文二次核验。,这篇记录关注PPG、foundation model。当前数据库只完成题录和研究方向收录。,尚未完成全文方法核验，暂不展示模型结构、预处理或训练流程，避免把标题推断当成论文事实。,尚未核对样本量、误差指标、对照组和统计结果，因此不提供定量性能结论。,现阶段只能确认研究方向，不能据此判断模型优劣、临床准确性或真实可部署性。,可作为后续阅读线索；在完成全文核验前，不应作为工程选型或临床证据。,推理输入来自题录初步标注，校准要求和真实部署条件仍待全文确认。,反归一化、对齐、切窗、质量筛选、校准以及 window/subject leakage 均待全文级审计。,待全文核验,unknown,,unknown,论文未完成校准字段核验。,unknown,未完成全文核验。,unknown,,未完成全文核验。,unknown,待核验,PPG,unknown,不得将日报摘要直接等同于产品可部署证据。,unknown,unknown,unknown,unknown,unknown,unknown,unknown,unknown,未完成全文级审计。,preliminary-index,2026-08-24,来自此前 PPG 科研日报的首批去重索引。
ppgbp-011-benchmarking-and-enhancing-ppg-based-cuffless-blood-pressure-estimation-,Benchmarking and Enhancing PPG-Based Cuffless Blood Pressure Estimation Methods,2026,2026-08-13,paper,BIOSIGNALS 2026,10.5220/0014245400004070,https://www.scitepress.org/PublishedPapers/2026/142454/,primary-paper,PPG | cuffless BP | benchmark | demographics | clinical criteria,NBPDB | MIMIC-III | VitalDB,PPG | age | sex | BMI,"Standardized 101,453-segment benchmark from 1,103 healthy adults; compares multiple models and demographic fusion.",No baseline model met AAMI/ISO numerical limits; demographic-enhanced MInception reduced error 23% to SBP/DBP MAE 4.75/2.90 mmHg.,在统一数据和评估流程下比较多种 PPG→BP 模型，避免不同论文因数据处理不同而无法公平比较。,"构建 1,103 名健康成人、101,453 个片段的统一基准，比较多种网络，并测试把人口学信息与 PPG 表征融合。",所有基础模型都未达到 AAMI/ISO 的数值门槛；加入人口学信息后，MInception 误差下降 23%，SBP/DBP MAE 为 4.75/2.90 mmHg。,人口学信息能改善数值表现，但达到某个 MAE 门槛不等于完成医疗器械标准验证。,这是模型公平比较的基准，不是产品合规证明。,仍处研究基准阶段；推理可能需要 PPG 和人口学信息，尚无独立临床产品验证。,重点要核对统一 benchmark 是否严格 subject-disjoint；数值达标不能替代标准规定的受试者级协议。,已完成重点深审,none reported,0,none,"Demographics are covariates, not cuff calibration.",reported standardized benchmark,Full split manifest should be preserved in reuse.,false,,"Derived from two public ICU/OR datasets, not consumer-device clinical validation.",research-benchmark,有助于公平比较，非产品验证,PPG | age | sex | BMI,false,Numerical standard thresholds alone do not establish protocol compliance.,medium,not reported,curated synchronized signals,high-quality segment selection,curation likely uses signal/physiological constraints; audit manifest needed,NO,controlled by standardized protocol; verify implementation,reported controlled,Healthy-adult subset and demographic baselines may narrow target variance.,priority-reviewed,2026-08-24,重点深审。
ppgbp-012-anyppg-an-ecg-guided-ppg-foundation-model-trained-on-over-100-000-hours-,"AnyPPG: An ECG-Guided PPG Foundation Model Trained on Over 100,000 Hours of Recordings for Holistic Health Profiling",2026,2026-08-13,paper,arXiv,,https://arxiv.org/abs/2511.01747,primary-metadata,PPG | foundation model | ECG-guided pretraining | wearable,six multi-source synchronized PPG-ECG datasets,PPG at deployment | ECG only during pretraining,Dual-modal alignment places synchronized PPG and ECG representations in a shared physiological space; downstream use can retain only the PPG encoder.,"Pretraining covers about 109,909 h from 58,796 subjects; reports average gains of 12.8% in regression and 9.1% in classification across 11 tasks.",利用训练期同步 ECG 帮助 PPG 学到更稳定的生理表征，再把 PPG encoder 用到多种健康任务。,通过跨模态对齐，让同步 PPG 与 ECG 进入共享生理空间；下游部署时可以只保留 PPG encoder。,"预训练规模约 109,909 小时、58,796 人；在 11 个任务上，回归平均提升 12.8%，分类平均提升 9.1%。",ECG 可作为训练期的 privileged supervision 提升 PPG 表征，但 AnyPPG 本身不是专门的 BP 医疗器械验证。,适合作为 PPG foundation model 底座；是否能测 BP 仍取决于下游数据、划分和临床验证。,训练时需要 ECG 对齐监督，下游推理可以只用 PPG。,ECG 是训练监督而非测试目标；下游任务仍需重新审计 subject split 和 BP 标签使用方式。,已完成重点深审,task-specific downstream adaptation,,downstream,No cuff BP calibration protocol is established by the foundation-model paper.,reported across downstream datasets,Exact per-task split must be checked before BP claims.,true,six independent downstream datasets,"Broad health tasks, not a dedicated cuffless BP device validation.",research-enabler,PPG-only 表征可部署,PPG,false,"ECG is privileged training supervision, not required at inference.",low for target leakage / medium for downstream split provenance,not applicable,"ECG–PPG synchronization is a training signal, not BP target leakage",not applicable to absolute BP output,not applicable,not applicable,task-specific,task-specific,Do not treat hypertension classification or foundation-model gains as absolute SBP/DBP validation.,priority-reviewed,2026-08-24,重点深审。
ppgbp-013-reassessing-the-feasibility-of-ppg-based-non-invasive-blood-glucose-leve,Reassessing the Feasibility of PPG-Based Non-Invasive Blood Glucose Level Estimation,2026,2026-08-13,paper,Preprint,,,daily-index-only,PPG,not_reported,PPG,首批索引记录；方法细节待全文二次核验。,首批索引记录；定量结果待全文二次核验。,这篇记录关注PPG。当前数据库只完成题录和研究方向收录。,尚未完成全文方法核验，暂不展示模型结构、预处理或训练流程，避免把标题推断当成论文事实。,尚未核对样本量、误差指标、对照组和统计结果，因此不提供定量性能结论。,现阶段只能确认研究方向，不能据此判断模型优劣、临床准确性或真实可部署性。,可作为后续阅读线索；在完成全文核验前，不应作为工程选型或临床证据。,推理输入来自题录初步标注，校准要求和真实部署条件仍待全文确认。,反归一化、对齐、切窗、质量筛选、校准以及 window/subject leakage 均待全文级审计。,待全文核验,unknown,,unknown,论文未完成校准字段核验。,unknown,未完成全文核验。,unknown,,未完成全文核验。,unknown,待核验,PPG,unknown,不得将日报摘要直接等同于产品可部署证据。,unknown,unknown,unknown,unknown,unknown,unknown,unknown,unknown,未完成全文级审计。,preliminary-index,2026-08-24,来自此前 PPG 科研日报的首批去重索引。
ppgbp-014-soft-multi-wavelength-photoplethysmography-enables-reliable-neonatal-blo,"Soft, Multi-Wavelength Photoplethysmography Enables Reliable Neonatal Blood Pressure Monitoring Via Error Stratification",2026,2026-08-13,paper,Advanced Science,,,daily-index-only,PPG | cuffless BP | wearable deployment,not_reported,PPG | IMU/context (possible),首批索引记录；方法细节待全文二次核验。,首批索引记录；定量结果待全文二次核验。,这篇记录关注PPG、无袖带 BP、可穿戴部署。当前数据库只完成题录和研究方向收录。,尚未完成全文方法核验，暂不展示模型结构、预处理或训练流程，避免把标题推断当成论文事实。,尚未核对样本量、误差指标、对照组和统计结果，因此不提供定量性能结论。,现阶段只能确认研究方向，不能据此判断模型优劣、临床准确性或真实可部署性。,可作为后续阅读线索；在完成全文核验前，不应作为工程选型或临床证据。,推理输入来自题录初步标注，校准要求和真实部署条件仍待全文确认。,反归一化、对齐、切窗、质量筛选、校准以及 window/subject leakage 均待全文级审计。,待全文核验,unknown,,unknown,论文未完成校准字段核验。,unknown,未完成全文核验。,unknown,,未完成全文核验。,unknown,待核验,PPG | IMU/context (possible),unknown,不得将日报摘要直接等同于产品可部署证据。,unknown,unknown,unknown,unknown,unknown,unknown,unknown,unknown,未完成全文级审计。,preliminary-index,2026-08-24,来自此前 PPG 科研日报的首批去重索引。
ppgbp-015-arterial-blood-pressure-waveform-reconstruction-estimation-from-ppg-usin,Arterial blood pressure waveform reconstruction estimation from PPG using TCN–BiLSTM,2026,2026-08-13,paper,American Heart Journal Plus,10.1016/j.ahjo.2026.100837,https://pmc.ncbi.nlm.nih.gov/articles/PMC13375927/,primary-full-text,PPG | ABP waveform reconstruction | cuffless BP | TCN | BiLSTM | target leakage,VitalDB | MIMIC-IV,PPG | first derivative PPG | second derivative PPG,8 s PPG windows (2 s stride) are mapped to normalized ABP waveforms by a TCN–BiLSTM with extrema-aware Huber loss.,VitalDB reported SBP MAE/RMSE 3.61/5.24 and DBP 1.79/2.37 mmHg; external MIMIC-IV table reported about 4.6/1.9 mmHg MAE.,只根据 PPG 重建完整 ABP 波形，并从波形中估计 SBP/DBP。,将 8 秒 PPG 窗口（2 秒步长）送入 TCN–BiLSTM，预测归一化 ABP 波形，并用强调极值的 Huber loss 训练。,VitalDB 上 SBP MAE/RMSE 为 3.61/5.24 mmHg，DBP 为 1.79/2.37 mmHg；外部 MIMIC-IV 表格约为 4.6/1.9 mmHg MAE。,表面误差很低，但论文使用每个测试 ABP 窗口自身的 μ/σ 恢复 mmHg，推理时等于借用了真实答案的信息。,这是数据库中的严重泄露案例：数值不能代表真实 PPG-only 部署能力。,按论文报告的流程无法部署，因为真实系统不知道当前 ABP 窗口的均值和标准差。,严重：测试 ABP 用于逐窗反归一化，且 ABP 参与质量筛选；即使 subject-disjoint 和外部数据成立，也不能抵消目标泄露。,已完成重点深审,none claimed,0,none,"However, each test ABP window supplies its own mean and standard deviation for denormalization, which functions as unavailable target information.",true,"VitalDB split 1,568/328/330 subjects; overlapping windows stay within subject partitions.",true,MIMIC-IV,"External test without retraining is reported, but the same target-dependent preprocessing issue applies.",not-deployable-as-reported,按论文流程不可部署为 PPG-only 绝对 BP,PPG | current true ABP window mean | current true ABP window standard deviation,true,Real deployment cannot know current ABP μ/σ needed to restore mmHg.,critical,YES — per-window true ABP μ/σ stored and used for denormalization,not explicitly reported; synchronization source is pre-extracted paired data,YES — ABP peaks/troughs define labels and validity; minimum three ABP peaks required,YES — true SBP/DBP/PP ranges and ABP peak count filter windows,YES in effect through per-window ABP denormalization,"overlapping windows, but subject-wise partitions prevent cross-subject-window overlap",NO according to reported subject-wise split,Subject split and external data do not cancel leakage caused by current-test ABP statistics and ABP-based test selection.,priority-reviewed,2026-08-24,本库最高优先级泄露案例。
ppgbp-016-biosignal-fingerprinting-a-cross-modal-ppg-ecg-foundation-model,Biosignal Fingerprinting: A Cross-Modal PPG-ECG Foundation Model,2026,2026-08-13,paper,Preprint,,,daily-index-only,PPG | foundation model,not_reported,PPG | ECG,首批索引记录；方法细节待全文二次核验。,首批索引记录；定量结果待全文二次核验。,这篇记录关注PPG、foundation model。当前数据库只完成题录和研究方向收录。,尚未完成全文方法核验，暂不展示模型结构、预处理或训练流程，避免把标题推断当成论文事实。,尚未核对样本量、误差指标、对照组和统计结果，因此不提供定量性能结论。,现阶段只能确认研究方向，不能据此判断模型优劣、临床准确性或真实可部署性。,可作为后续阅读线索；在完成全文核验前，不应作为工程选型或临床证据。,推理输入来自题录初步标注，校准要求和真实部署条件仍待全文确认。,反归一化、对齐、切窗、质量筛选、校准以及 window/subject leakage 均待全文级审计。,待全文核验,unknown,,unknown,论文未完成校准字段核验。,unknown,未完成全文核验。,unknown,,未完成全文核验。,unknown,待核验,PPG | ECG,unknown,不得将日报摘要直接等同于产品可部署证据。,unknown,unknown,unknown,unknown,unknown,unknown,unknown,unknown,未完成全文级审计。,preliminary-index,2026-08-24,来自此前 PPG 科研日报的首批去重索引。
ppgbp-017-cardiac-health-assessment-across-scenarios-and-devices-using-a-multimoda,Cardiac health assessment across scenarios and devices using a multimodal foundation model pretrained on data from 1.7 million individuals,2026,2026-08-13,paper,Nature Machine Intelligence,,,daily-index-only,PPG | foundation model,not_reported,not_reported,首批索引记录；方法细节待全文二次核验。,首批索引记录；定量结果待全文二次核验。,这篇记录关注PPG、foundation model。当前数据库只完成题录和研究方向收录。,尚未完成全文方法核验，暂不展示模型结构、预处理或训练流程，避免把标题推断当成论文事实。,尚未核对样本量、误差指标、对照组和统计结果，因此不提供定量性能结论。,现阶段只能确认研究方向，不能据此判断模型优劣、临床准确性或真实可部署性。,可作为后续阅读线索；在完成全文核验前，不应作为工程选型或临床证据。,推理输入来自题录初步标注，校准要求和真实部署条件仍待全文确认。,反归一化、对齐、切窗、质量筛选、校准以及 window/subject leakage 均待全文级审计。,待全文核验,unknown,,unknown,论文未完成校准字段核验。,unknown,未完成全文核验。,unknown,,未完成全文核验。,unknown,待核验,not_reported,unknown,不得将日报摘要直接等同于产品可部署证据。,unknown,unknown,unknown,unknown,unknown,unknown,unknown,unknown,未完成全文级审计。,preliminary-index,2026-08-24,来自此前 PPG 科研日报的首批去重索引。
ppgbp-018-foundation-models-enable-wearable-signal-screening-for-cardiovascular-di,Foundation models enable wearable signal screening for cardiovascular disease among people living with HIV,2026,2026-08-13,paper,Communications Medicine,,,daily-index-only,PPG | foundation model | wearable deployment,not_reported,IMU/context (possible),首批索引记录；方法细节待全文二次核验。,首批索引记录；定量结果待全文二次核验。,这篇记录关注PPG、foundation model、可穿戴部署。当前数据库只完成题录和研究方向收录。,尚未完成全文方法核验，暂不展示模型结构、预处理或训练流程，避免把标题推断当成论文事实。,尚未核对样本量、误差指标、对照组和统计结果，因此不提供定量性能结论。,现阶段只能确认研究方向，不能据此判断模型优劣、临床准确性或真实可部署性。,可作为后续阅读线索；在完成全文核验前，不应作为工程选型或临床证据。,推理输入来自题录初步标注，校准要求和真实部署条件仍待全文确认。,反归一化、对齐、切窗、质量筛选、校准以及 window/subject leakage 均待全文级审计。,待全文核验,unknown,,unknown,论文未完成校准字段核验。,unknown,未完成全文核验。,unknown,,未完成全文核验。,unknown,待核验,IMU/context (possible),unknown,不得将日报摘要直接等同于产品可部署证据。,unknown,unknown,unknown,unknown,unknown,unknown,unknown,unknown,未完成全文级审计。,preliminary-index,2026-08-24,来自此前 PPG 科研日报的首批去重索引。
ppgbp-019-pulselm-a-foundation-dataset-and-benchmark-for-ppg-text-learning,PulseLM: A Foundation Dataset and Benchmark for PPG-Text Learning,2026,2026-08-13,dataset-paper,arXiv,,https://arxiv.org/abs/2603.03331,primary-metadata,PPG | foundation dataset | PPG-text | question answering,15 public PPG sources,PPG | text question,Harmonized PPG segments paired with physiological question–answer tasks.,About 1.31 million 10-second PPG segments and 3.15 million QA pairs across 12 physiological QA tasks.,把 PPG 波形与生理问答文本连接起来，建立可用于多任务训练的 PPG-text 数据集和 benchmark。,统一整理 PPG 片段，并为 12 类生理任务构造问答对，用于训练和评估 PPG 与文本联合模型。,数据包含约 131 万个 10 秒 PPG 片段和 315 万组问答对，覆盖 12 个生理 QA 任务。,PulseLM 的主要贡献是数据和多任务接口，不是证明无袖带绝对 BP 已达到临床准确性。,适合做表征学习与问答研究，不能把数据规模直接换算成 BP 产品性能。,可作为下游多任务模型底座；具体 BP head 仍需单独验证。,数据构建本身不等于安全评估；复用时必须按受试者划分，并核对问答标签是否来自目标 BP。,已完成重点深审,not applicable,0,not applicable,"Dataset/benchmark, not a cuffless BP calibration method.",varies-by-source/task,Must preserve subject IDs from each constituent dataset.,false,,"Benchmark aggregation, not clinical BP validation.",research-enabler,研究基础设施,PPG | task/question specification,false,Useful for multitask representation; does not validate absolute BP measurement.,medium,not applicable to dataset itself,varies by source dataset,source-dependent,source-dependent,not applicable,high risk if constituent windows are randomly split,must be actively prevented,Aggregating many sources amplifies split-provenance risk.,priority-reviewed,2026-08-24,重点深审。
ppgbp-020-integrating-biophysical-dynamics-with-a-data-driven-method-for-blood-pre,Integrating biophysical dynamics with a data-driven method for blood pressure estimation using photoplethysmography,2026,2026-08-14,paper,Biomedical Signal Processing and Control,,,daily-index-only,PPG | cuffless BP,not_reported,PPG,首批索引记录；方法细节待全文二次核验。,首批索引记录；定量结果待全文二次核验。,这篇记录关注PPG、无袖带 BP。当前数据库只完成题录和研究方向收录。,尚未完成全文方法核验，暂不展示模型结构、预处理或训练流程，避免把标题推断当成论文事实。,尚未核对样本量、误差指标、对照组和统计结果，因此不提供定量性能结论。,现阶段只能确认研究方向，不能据此判断模型优劣、临床准确性或真实可部署性。,可作为后续阅读线索；在完成全文核验前，不应作为工程选型或临床证据。,推理输入来自题录初步标注，校准要求和真实部署条件仍待全文确认。,反归一化、对齐、切窗、质量筛选、校准以及 window/subject leakage 均待全文级审计。,待全文核验,unknown,,unknown,论文未完成校准字段核验。,unknown,未完成全文核验。,unknown,,未完成全文核验。,unknown,待核验,PPG,unknown,不得将日报摘要直接等同于产品可部署证据。,unknown,unknown,unknown,unknown,unknown,unknown,unknown,unknown,未完成全文级审计。,preliminary-index,2026-08-24,来自此前 PPG 科研日报的首批去重索引。
ppgbp-021-last-cbpm-photoplethysmography-based-quasi-continuous-blood-pressure-mon,LAST-CBPM: photoplethysmography-based quasi-continuous blood pressure monitoring algorithm,2026,2026-08-14,paper,Biomedical Signal Processing and Control,,,daily-index-only,PPG | cuffless BP | wearable deployment,not_reported,PPG | IMU/context (possible),首批索引记录；方法细节待全文二次核验。,首批索引记录；定量结果待全文二次核验。,这篇记录关注PPG、无袖带 BP、可穿戴部署。当前数据库只完成题录和研究方向收录。,尚未完成全文方法核验，暂不展示模型结构、预处理或训练流程，避免把标题推断当成论文事实。,尚未核对样本量、误差指标、对照组和统计结果，因此不提供定量性能结论。,现阶段只能确认研究方向，不能据此判断模型优劣、临床准确性或真实可部署性。,可作为后续阅读线索；在完成全文核验前，不应作为工程选型或临床证据。,推理输入来自题录初步标注，校准要求和真实部署条件仍待全文确认。,反归一化、对齐、切窗、质量筛选、校准以及 window/subject leakage 均待全文级审计。,待全文核验,unknown,,unknown,论文未完成校准字段核验。,unknown,未完成全文核验。,unknown,,未完成全文核验。,unknown,待核验,PPG | IMU/context (possible),unknown,不得将日报摘要直接等同于产品可部署证据。,unknown,unknown,unknown,unknown,unknown,unknown,unknown,unknown,未完成全文级审计。,preliminary-index,2026-08-24,来自此前 PPG 科研日报的首批去重索引。
ppgbp-022-calibration-based-continuous-blood-pressure-estimation-using-pulse-deriv,Calibration-based continuous blood pressure estimation using pulse-derived signals and feature normalization,2026,2026-08-14,paper,Biomedical Signal Processing and Control,,,daily-index-only,PPG | cuffless BP | calibration/personalization,not_reported,PPG,首批索引记录；方法细节待全文二次核验。,首批索引记录；定量结果待全文二次核验。,这篇记录关注PPG、无袖带 BP、calibration/personalization。当前数据库只完成题录和研究方向收录。,尚未完成全文方法核验，暂不展示模型结构、预处理或训练流程，避免把标题推断当成论文事实。,尚未核对样本量、误差指标、对照组和统计结果，因此不提供定量性能结论。,现阶段只能确认研究方向，不能据此判断模型优劣、临床准确性或真实可部署性。,可作为后续阅读线索；在完成全文核验前，不应作为工程选型或临床证据。,推理输入来自题录初步标注，校准要求和真实部署条件仍待全文确认。,反归一化、对齐、切窗、质量筛选、校准以及 window/subject leakage 均待全文级审计。,待全文核验,unknown,,unknown,论文未完成校准字段核验。,unknown,未完成全文核验。,unknown,,未完成全文核验。,unknown,待核验,PPG,unknown,不得将日报摘要直接等同于产品可部署证据。,unknown,unknown,unknown,unknown,unknown,unknown,unknown,unknown,未完成全文级审计。,preliminary-index,2026-08-24,来自此前 PPG 科研日报的首批去重索引。
ppgbp-023-personalized-calibration-and-hybrid-feature-fusion-for-continuous-blood-,Personalized Calibration and Hybrid Feature Fusion for Continuous Blood Pressure Estimation Using PPG and ECG Signals,2026,2026-08-14,paper,Sensors,,,daily-index-only,PPG | cuffless BP | calibration/personalization,not_reported,PPG | ECG,首批索引记录；方法细节待全文二次核验。,首批索引记录；定量结果待全文二次核验。,这篇记录关注PPG、无袖带 BP、calibration/personalization。当前数据库只完成题录和研究方向收录。,尚未完成全文方法核验，暂不展示模型结构、预处理或训练流程，避免把标题推断当成论文事实。,尚未核对样本量、误差指标、对照组和统计结果，因此不提供定量性能结论。,现阶段只能确认研究方向，不能据此判断模型优劣、临床准确性或真实可部署性。,可作为后续阅读线索；在完成全文核验前，不应作为工程选型或临床证据。,推理输入来自题录初步标注，校准要求和真实部署条件仍待全文确认。,反归一化、对齐、切窗、质量筛选、校准以及 window/subject leakage 均待全文级审计。,待全文核验,unknown,,unknown,论文未完成校准字段核验。,unknown,未完成全文核验。,unknown,,未完成全文核验。,unknown,待核验,PPG | ECG,unknown,不得将日报摘要直接等同于产品可部署证据。,unknown,unknown,unknown,unknown,unknown,unknown,unknown,unknown,未完成全文级审计。,preliminary-index,2026-08-24,来自此前 PPG 科研日报的首批去重索引。
ppgbp-024-cuffless-hemodynamic-monitoring-with-physics-informed-machine-learning-m,Cuffless hemodynamic monitoring with physics-informed machine learning models,2026,2026-08-15,paper,Nature Communications,10.1038/s41467-026-72693-1,https://www.nature.com/articles/s41467-026-72693-1,primary-full-text,BioZ | cuffless BP | sPINN | physics-informed ML | smartwatch,PulseDB + synthetic BioZ | 75 healthy participants | hypertension/CVD clinical cohorts | one-year pilot,wrist BioZ resistance/reactance | space-time coordinates | optional anthropometric/anatomical metadata,BioZ signal encoder plus signal-tagged PINN constrained by Navier–Stokes/elastic-tube physics predicts BP and radial/axial velocity fields.,Cross-sectional r² ranges about 0.588–0.854 across cohorts; subject-specific models reached higher r². One-year pilot required daily recalibration to maintain performance.,用 BioZ 和物理约束模型同时估计 BP 与血流动力学状态，并观察长期使用时是否稳定。,BioZ encoder 与 signal-tagged PINN 结合，用 Navier–Stokes 和弹性管模型约束 BP 及径向/轴向速度场。,不同队列的横断面 r² 约 0.588–0.854，个体专属模型更高；一年 pilot 中需要每日重新校准才能维持表现。,物理约束提高了可解释性，但长期稳定性仍依赖高频校准，当前硬件续航也限制连续部署。,是很有价值的 BioZ+sPINN 研究原型，还不是低维护、长期自主运行的设备。,报告配置下连续 BLE 续航约 6 小时，长期使用还需要每日 recalibration。,需要明确每日重新校准使用的参考 BP；若同日测试紧邻校准，长期泛化可能被高估。,已完成重点深审,population model plus optional subject-specific/daily recalibration,,daily in longitudinal pilot,"Despite calibration-free framing, full text reports limited longitudinal generalization and daily recalibration in the pilot.",mixed/limited,Population-wide results are shown without test-exclusive patients; subject-specific results are not unseen-subject generalization.,clinical feasibility cohorts,"healthy, hypertension, CVD and ICU/outpatient cohorts",No established cuffless BP validation protocol yet.,promising-but-not-ready,硬件可穿戴，算法纵向稳定性不足,wrist BioZ | stored model | optional demographics | possibly recent recalibration,not for each estimate; daily reference may be needed longitudinally,Watch battery about 6 h under continuous BLE in reported configuration.,high evaluation/generalization risk,not identified as current-window inverse scaling,paired BP used to train adaptive filter,paired signals used in training,unknown,daily reference recalibration in longitudinal pilot,not fully audited,population results not test-exclusive; subject-specific models are personalized,"Not necessarily classic target leakage, but evidence does not establish calibration-free unseen-user longitudinal deployment.",priority-reviewed,2026-08-24,重点深审。
ppgbp-025-apnea-burden-guided-framework-enhancing-out-of-distribution-generalizati,Apnea Burden-Guided Framework: Enhancing Out-of-Distribution Generalization in PPG-Based Sleep Apnea Characterization,2026,2026-08-15,paper,arXiv,,,daily-index-only,PPG,not_reported,PPG,首批索引记录；方法细节待全文二次核验。,首批索引记录；定量结果待全文二次核验。,这篇记录关注PPG。当前数据库只完成题录和研究方向收录。,尚未完成全文方法核验，暂不展示模型结构、预处理或训练流程，避免把标题推断当成论文事实。,尚未核对样本量、误差指标、对照组和统计结果，因此不提供定量性能结论。,现阶段只能确认研究方向，不能据此判断模型优劣、临床准确性或真实可部署性。,可作为后续阅读线索；在完成全文核验前，不应作为工程选型或临床证据。,推理输入来自题录初步标注，校准要求和真实部署条件仍待全文确认。,反归一化、对齐、切窗、质量筛选、校准以及 window/subject leakage 均待全文级审计。,待全文核验,unknown,,unknown,论文未完成校准字段核验。,unknown,未完成全文核验。,unknown,,未完成全文核验。,unknown,待核验,PPG,unknown,不得将日报摘要直接等同于产品可部署证据。,unknown,unknown,unknown,unknown,unknown,unknown,unknown,unknown,未完成全文级审计。,preliminary-index,2026-08-24,来自此前 PPG 科研日报的首批去重索引。
ppgbp-026-external-conditioning-of-data-collection-enhances-the-information-conten,External conditioning of data collection enhances the information content from wearable sensors,2026,2026-08-15,paper,npj Cardiovascular Health,,,daily-index-only,PPG | wearable deployment,not_reported,IMU/context (possible),首批索引记录；方法细节待全文二次核验。,首批索引记录；定量结果待全文二次核验。,这篇记录关注PPG、可穿戴部署。当前数据库只完成题录和研究方向收录。,尚未完成全文方法核验，暂不展示模型结构、预处理或训练流程，避免把标题推断当成论文事实。,尚未核对样本量、误差指标、对照组和统计结果，因此不提供定量性能结论。,现阶段只能确认研究方向，不能据此判断模型优劣、临床准确性或真实可部署性。,可作为后续阅读线索；在完成全文核验前，不应作为工程选型或临床证据。,推理输入来自题录初步标注，校准要求和真实部署条件仍待全文确认。,反归一化、对齐、切窗、质量筛选、校准以及 window/subject leakage 均待全文级审计。,待全文核验,unknown,,unknown,论文未完成校准字段核验。,unknown,未完成全文核验。,unknown,,未完成全文核验。,unknown,待核验,IMU/context (possible),unknown,不得将日报摘要直接等同于产品可部署证据。,unknown,unknown,unknown,unknown,unknown,unknown,unknown,unknown,未完成全文级审计。,preliminary-index,2026-08-24,来自此前 PPG 科研日报的首批去重索引。
ppgbp-027-a-four-wavelength-photoplethysmography-dataset-for-non-invasive-hemoglob,A Four-Wavelength Photoplethysmography dataset for non-invasive hemoglobin assessment,2026,2026-08-15,dataset-paper,Scientific Data,,,daily-index-only,PPG | dataset/benchmark,not_reported,PPG,首批索引记录；方法细节待全文二次核验。,首批索引记录；定量结果待全文二次核验。,这篇记录关注PPG、dataset/benchmark。当前数据库只完成题录和研究方向收录。,尚未完成全文方法核验，暂不展示模型结构、预处理或训练流程，避免把标题推断当成论文事实。,尚未核对样本量、误差指标、对照组和统计结果，因此不提供定量性能结论。,现阶段只能确认研究方向，不能据此判断模型优劣、临床准确性或真实可部署性。,可作为后续阅读线索；在完成全文核验前，不应作为工程选型或临床证据。,推理输入来自题录初步标注，校准要求和真实部署条件仍待全文确认。,反归一化、对齐、切窗、质量筛选、校准以及 window/subject leakage 均待全文级审计。,待全文核验,unknown,,unknown,论文未完成校准字段核验。,unknown,未完成全文核验。,unknown,,未完成全文核验。,unknown,待核验,PPG,unknown,不得将日报摘要直接等同于产品可部署证据。,unknown,unknown,unknown,unknown,unknown,unknown,unknown,unknown,未完成全文级审计。,preliminary-index,2026-08-24,来自此前 PPG 科研日报的首批去重索引。
ppgbp-028-towards-trustworthy-ai-driven-cuffless-blood-pressure-monitoring,Towards trustworthy AI-driven cuffless blood pressure monitoring,2026,2026-08-15,paper,npj Digital Medicine,,,daily-index-only,PPG | cuffless BP | signal quality/trustworthiness | wearable deployment,not_reported,PPG | IMU/context (possible),首批索引记录；方法细节待全文二次核验。,首批索引记录；定量结果待全文二次核验。,这篇记录关注PPG、无袖带 BP、signal quality/trustworthiness、可穿戴部署。当前数据库只完成题录和研究方向收录。,尚未完成全文方法核验，暂不展示模型结构、预处理或训练流程，避免把标题推断当成论文事实。,尚未核对样本量、误差指标、对照组和统计结果，因此不提供定量性能结论。,现阶段只能确认研究方向，不能据此判断模型优劣、临床准确性或真实可部署性。,可作为后续阅读线索；在完成全文核验前，不应作为工程选型或临床证据。,推理输入来自题录初步标注，校准要求和真实部署条件仍待全文确认。,反归一化、对齐、切窗、质量筛选、校准以及 window/subject leakage 均待全文级审计。,待全文核验,unknown,,unknown,论文未完成校准字段核验。,unknown,未完成全文核验。,unknown,,未完成全文核验。,unknown,待核验,PPG | IMU/context (possible),unknown,不得将日报摘要直接等同于产品可部署证据。,unknown,unknown,unknown,unknown,unknown,unknown,unknown,unknown,未完成全文级审计。,preliminary-index,2026-08-24,来自此前 PPG 科研日报的首批去重索引。
ppgbp-029-from-ppg-to-blood-pressure-at-the-edge-quantization-aware-architecture-s,From PPG to Blood Pressure at the Edge: Quantization-Aware Architecture Selection and On-MCU Validation,2026,2026-08-16,paper,Sensors,,,daily-index-only,PPG | cuffless BP | wearable deployment,not_reported,PPG,首批索引记录；方法细节待全文二次核验。,首批索引记录；定量结果待全文二次核验。,这篇记录关注PPG、无袖带 BP、可穿戴部署。当前数据库只完成题录和研究方向收录。,尚未完成全文方法核验，暂不展示模型结构、预处理或训练流程，避免把标题推断当成论文事实。,尚未核对样本量、误差指标、对照组和统计结果，因此不提供定量性能结论。,现阶段只能确认研究方向，不能据此判断模型优劣、临床准确性或真实可部署性。,可作为后续阅读线索；在完成全文核验前，不应作为工程选型或临床证据。,推理输入来自题录初步标注，校准要求和真实部署条件仍待全文确认。,反归一化、对齐、切窗、质量筛选、校准以及 window/subject leakage 均待全文级审计。,待全文核验,unknown,,unknown,论文未完成校准字段核验。,unknown,未完成全文核验。,unknown,,未完成全文核验。,unknown,待核验,PPG,unknown,不得将日报摘要直接等同于产品可部署证据。,unknown,unknown,unknown,unknown,unknown,unknown,unknown,unknown,未完成全文级审计。,preliminary-index,2026-08-24,来自此前 PPG 科研日报的首批去重索引。
ppgbp-030-blood-pressure-estimation-using-single-photoplethysmography-signal-based,Blood pressure estimation using single photoplethysmography signal based on ResNet-BiGRU,2026,2026-08-16,paper,Biomedical Engineering / Biomedizinische Technik,,,daily-index-only,PPG | cuffless BP,not_reported,PPG,首批索引记录；方法细节待全文二次核验。,首批索引记录；定量结果待全文二次核验。,这篇记录关注PPG、无袖带 BP。当前数据库只完成题录和研究方向收录。,尚未完成全文方法核验，暂不展示模型结构、预处理或训练流程，避免把标题推断当成论文事实。,尚未核对样本量、误差指标、对照组和统计结果，因此不提供定量性能结论。,现阶段只能确认研究方向，不能据此判断模型优劣、临床准确性或真实可部署性。,可作为后续阅读线索；在完成全文核验前，不应作为工程选型或临床证据。,推理输入来自题录初步标注，校准要求和真实部署条件仍待全文确认。,反归一化、对齐、切窗、质量筛选、校准以及 window/subject leakage 均待全文级审计。,待全文核验,unknown,,unknown,论文未完成校准字段核验。,unknown,未完成全文核验。,unknown,,未完成全文核验。,unknown,待核验,PPG,unknown,不得将日报摘要直接等同于产品可部署证据。,unknown,unknown,unknown,unknown,unknown,unknown,unknown,unknown,未完成全文级审计。,preliminary-index,2026-08-24,来自此前 PPG 科研日报的首批去重索引。
ppgbp-031-utilizing-multi-ppg-sensor-site-information-in-a-localized-wrist-area-fo,Utilizing Multi-PPG-Sensor Site Information in a Localized Wrist Area for Improving Cuffless Blood Pressure Estimation,2026,2026-08-16,paper,IEEE Journal of Biomedical and Health Informatics,,,daily-index-only,PPG | cuffless BP,not_reported,PPG,首批索引记录；方法细节待全文二次核验。,首批索引记录；定量结果待全文二次核验。,这篇记录关注PPG、无袖带 BP。当前数据库只完成题录和研究方向收录。,尚未完成全文方法核验，暂不展示模型结构、预处理或训练流程，避免把标题推断当成论文事实。,尚未核对样本量、误差指标、对照组和统计结果，因此不提供定量性能结论。,现阶段只能确认研究方向，不能据此判断模型优劣、临床准确性或真实可部署性。,可作为后续阅读线索；在完成全文核验前，不应作为工程选型或临床证据。,推理输入来自题录初步标注，校准要求和真实部署条件仍待全文确认。,反归一化、对齐、切窗、质量筛选、校准以及 window/subject leakage 均待全文级审计。,待全文核验,unknown,,unknown,论文未完成校准字段核验。,unknown,未完成全文核验。,unknown,,未完成全文核验。,unknown,待核验,PPG,unknown,不得将日报摘要直接等同于产品可部署证据。,unknown,unknown,unknown,unknown,unknown,unknown,unknown,unknown,未完成全文级审计。,preliminary-index,2026-08-24,来自此前 PPG 科研日报的首批去重索引。
ppgbp-032-rethinking-ppg-based-sleep-staging-datasets-metrics-and-benchmarks,"Rethinking PPG-based Sleep Staging: Datasets, Metrics, and Benchmarks",2026,2026-08-16,paper,arXiv,,,daily-index-only,PPG | dataset/benchmark,not_reported,PPG,首批索引记录；方法细节待全文二次核验。,首批索引记录；定量结果待全文二次核验。,这篇记录关注PPG、dataset/benchmark。当前数据库只完成题录和研究方向收录。,尚未完成全文方法核验，暂不展示模型结构、预处理或训练流程，避免把标题推断当成论文事实。,尚未核对样本量、误差指标、对照组和统计结果，因此不提供定量性能结论。,现阶段只能确认研究方向，不能据此判断模型优劣、临床准确性或真实可部署性。,可作为后续阅读线索；在完成全文核验前，不应作为工程选型或临床证据。,推理输入来自题录初步标注，校准要求和真实部署条件仍待全文确认。,反归一化、对齐、切窗、质量筛选、校准以及 window/subject leakage 均待全文级审计。,待全文核验,unknown,,unknown,论文未完成校准字段核验。,unknown,未完成全文核验。,unknown,,未完成全文核验。,unknown,待核验,PPG,unknown,不得将日报摘要直接等同于产品可部署证据。,unknown,unknown,unknown,unknown,unknown,unknown,unknown,unknown,未完成全文级审计。,preliminary-index,2026-08-24,来自此前 PPG 科研日报的首批去重索引。
ppgbp-033-roadmap-of-remote-photoplethysmography-from-heart-rate-measurement-towar,Roadmap of remote photoplethysmography from heart rate measurement toward clinical translation,2026,2026-08-16,review,npj Digital Medicine,,,daily-index-only,PPG | review,not_reported,PPG,首批索引记录；方法细节待全文二次核验。,首批索引记录；定量结果待全文二次核验。,这篇记录关注PPG、review。当前数据库只完成题录和研究方向收录。,尚未完成全文方法核验，暂不展示模型结构、预处理或训练流程，避免把标题推断当成论文事实。,尚未核对样本量、误差指标、对照组和统计结果，因此不提供定量性能结论。,现阶段只能确认研究方向，不能据此判断模型优劣、临床准确性或真实可部署性。,可作为后续阅读线索；在完成全文核验前，不应作为工程选型或临床证据。,推理输入来自题录初步标注，校准要求和真实部署条件仍待全文确认。,反归一化、对齐、切窗、质量筛选、校准以及 window/subject leakage 均待全文级审计。,待全文核验,unknown,,unknown,论文未完成校准字段核验。,unknown,未完成全文核验。,unknown,,未完成全文核验。,unknown,待核验,PPG,unknown,不得将日报摘要直接等同于产品可部署证据。,unknown,unknown,unknown,unknown,unknown,unknown,unknown,unknown,未完成全文级审计。,preliminary-index,2026-08-24,来自此前 PPG 科研日报的首批去重索引。
ppgbp-034-peak-independent-cuffless-blood-pressure-monitoring-using-a-smart-sock-t,Peak-Independent Cuffless Blood Pressure Monitoring Using a Smart Sock: The Role of Temporal Lag Modeling in Foot-Based PPG,2026,2026-08-17,paper,Sensors,,,daily-index-only,PPG | cuffless BP | wearable deployment,not_reported,PPG | IMU/context (possible),首批索引记录；方法细节待全文二次核验。,首批索引记录；定量结果待全文二次核验。,这篇记录关注PPG、无袖带 BP、可穿戴部署。当前数据库只完成题录和研究方向收录。,尚未完成全文方法核验，暂不展示模型结构、预处理或训练流程，避免把标题推断当成论文事实。,尚未核对样本量、误差指标、对照组和统计结果，因此不提供定量性能结论。,现阶段只能确认研究方向，不能据此判断模型优劣、临床准确性或真实可部署性。,可作为后续阅读线索；在完成全文核验前，不应作为工程选型或临床证据。,推理输入来自题录初步标注，校准要求和真实部署条件仍待全文确认。,反归一化、对齐、切窗、质量筛选、校准以及 window/subject leakage 均待全文级审计。,待全文核验,unknown,,unknown,论文未完成校准字段核验。,unknown,未完成全文核验。,unknown,,未完成全文核验。,unknown,待核验,PPG | IMU/context (possible),unknown,不得将日报摘要直接等同于产品可部署证据。,unknown,unknown,unknown,unknown,unknown,unknown,unknown,unknown,未完成全文级审计。,preliminary-index,2026-08-24,来自此前 PPG 科研日报的首批去重索引。
ppgbp-035-a-comparative-study-of-signal-representations-methods-and-deep-learning-,A Comparative Study of Signal Representations Methods and Deep Learning Architectures for PPG-Based Cuffless Blood Pressure Estimation,2026,2026-08-17,paper,Sensors,,,daily-index-only,PPG | cuffless BP | foundation model,not_reported,PPG,首批索引记录；方法细节待全文二次核验。,首批索引记录；定量结果待全文二次核验。,这篇记录关注PPG、无袖带 BP、foundation model。当前数据库只完成题录和研究方向收录。,尚未完成全文方法核验，暂不展示模型结构、预处理或训练流程，避免把标题推断当成论文事实。,尚未核对样本量、误差指标、对照组和统计结果，因此不提供定量性能结论。,现阶段只能确认研究方向，不能据此判断模型优劣、临床准确性或真实可部署性。,可作为后续阅读线索；在完成全文核验前，不应作为工程选型或临床证据。,推理输入来自题录初步标注，校准要求和真实部署条件仍待全文确认。,反归一化、对齐、切窗、质量筛选、校准以及 window/subject leakage 均待全文级审计。,待全文核验,unknown,,unknown,论文未完成校准字段核验。,unknown,未完成全文核验。,unknown,,未完成全文核验。,unknown,待核验,PPG,unknown,不得将日报摘要直接等同于产品可部署证据。,unknown,unknown,unknown,unknown,unknown,unknown,unknown,unknown,未完成全文级审计。,preliminary-index,2026-08-24,来自此前 PPG 科研日报的首批去重索引。
ppgbp-036-multitaskbp-reliable-ppg-based-blood-pressure-measurement-under-motion-a,MultitaskBP: Reliable PPG-Based Blood Pressure Measurement Under Motion Artifact Corruption,2026,2026-08-17,paper,IEEE Transactions on Instrumentation and Measurement,,,daily-index-only,PPG | cuffless BP | signal quality/trustworthiness,not_reported,PPG | IMU/context (possible),首批索引记录；方法细节待全文二次核验。,首批索引记录；定量结果待全文二次核验。,这篇记录关注PPG、无袖带 BP、signal quality/trustworthiness。当前数据库只完成题录和研究方向收录。,尚未完成全文方法核验，暂不展示模型结构、预处理或训练流程，避免把标题推断当成论文事实。,尚未核对样本量、误差指标、对照组和统计结果，因此不提供定量性能结论。,现阶段只能确认研究方向，不能据此判断模型优劣、临床准确性或真实可部署性。,可作为后续阅读线索；在完成全文核验前，不应作为工程选型或临床证据。,推理输入来自题录初步标注，校准要求和真实部署条件仍待全文确认。,反归一化、对齐、切窗、质量筛选、校准以及 window/subject leakage 均待全文级审计。,待全文核验,unknown,,unknown,论文未完成校准字段核验。,unknown,未完成全文核验。,unknown,,未完成全文核验。,unknown,待核验,PPG | IMU/context (possible),unknown,不得将日报摘要直接等同于产品可部署证据。,unknown,unknown,unknown,unknown,unknown,unknown,unknown,unknown,未完成全文级审计。,preliminary-index,2026-08-24,来自此前 PPG 科研日报的首批去重索引。
ppgbp-037-innovative-wearable-platform-for-synchronized-biosignals-acquisition-a-p,Innovative Wearable Platform for Synchronized Biosignals Acquisition: A Proof of Concept in a Cuff-Less Blood Pressure Monitoring Case Study,2026,2026-08-17,paper,Publication not fully verified,,,daily-index-only,PPG | cuffless BP | wearable deployment,not_reported,PPG | IMU/context (possible),首批索引记录；方法细节待全文二次核验。,首批索引记录；定量结果待全文二次核验。,这篇记录关注PPG、无袖带 BP、可穿戴部署。当前数据库只完成题录和研究方向收录。,尚未完成全文方法核验，暂不展示模型结构、预处理或训练流程，避免把标题推断当成论文事实。,尚未核对样本量、误差指标、对照组和统计结果，因此不提供定量性能结论。,现阶段只能确认研究方向，不能据此判断模型优劣、临床准确性或真实可部署性。,可作为后续阅读线索；在完成全文核验前，不应作为工程选型或临床证据。,推理输入来自题录初步标注，校准要求和真实部署条件仍待全文确认。,反归一化、对齐、切窗、质量筛选、校准以及 window/subject leakage 均待全文级审计。,待全文核验,unknown,,unknown,论文未完成校准字段核验。,unknown,未完成全文核验。,unknown,,未完成全文核验。,unknown,待核验,PPG | IMU/context (possible),unknown,不得将日报摘要直接等同于产品可部署证据。,unknown,unknown,unknown,unknown,unknown,unknown,unknown,unknown,未完成全文级审计。,preliminary-index,2026-08-24,来自此前 PPG 科研日报的首批去重索引。
ppgbp-038-cfd-guided-detection-of-concept-drift-in-multimodal-physiologic-signals,CFD-Guided Detection of Concept Drift in Multimodal Physiologic Signals,2026,2026-08-17,paper,arXiv,,,daily-index-only,PPG,not_reported,not_reported,首批索引记录；方法细节待全文二次核验。,首批索引记录；定量结果待全文二次核验。,这篇记录关注PPG。当前数据库只完成题录和研究方向收录。,尚未完成全文方法核验，暂不展示模型结构、预处理或训练流程，避免把标题推断当成论文事实。,尚未核对样本量、误差指标、对照组和统计结果，因此不提供定量性能结论。,现阶段只能确认研究方向，不能据此判断模型优劣、临床准确性或真实可部署性。,可作为后续阅读线索；在完成全文核验前，不应作为工程选型或临床证据。,推理输入来自题录初步标注，校准要求和真实部署条件仍待全文确认。,反归一化、对齐、切窗、质量筛选、校准以及 window/subject leakage 均待全文级审计。,待全文核验,unknown,,unknown,论文未完成校准字段核验。,unknown,未完成全文核验。,unknown,,未完成全文核验。,unknown,待核验,not_reported,unknown,不得将日报摘要直接等同于产品可部署证据。,unknown,unknown,unknown,unknown,unknown,unknown,unknown,unknown,未完成全文级审计。,preliminary-index,2026-08-24,来自此前 PPG 科研日报的首批去重索引。
ppgbp-039-cap-towards-ppg-universal-representation-learning-with-patient-level-sup,CAP: Towards PPG Universal Representation Learning with Patient-level Supervision,2026,2026-08-18,paper,KDD 2026,,,daily-index-only,PPG | foundation model,not_reported,PPG,首批索引记录；方法细节待全文二次核验。,首批索引记录；定量结果待全文二次核验。,这篇记录关注PPG、foundation model。当前数据库只完成题录和研究方向收录。,尚未完成全文方法核验，暂不展示模型结构、预处理或训练流程，避免把标题推断当成论文事实。,尚未核对样本量、误差指标、对照组和统计结果，因此不提供定量性能结论。,现阶段只能确认研究方向，不能据此判断模型优劣、临床准确性或真实可部署性。,可作为后续阅读线索；在完成全文核验前，不应作为工程选型或临床证据。,推理输入来自题录初步标注，校准要求和真实部署条件仍待全文确认。,反归一化、对齐、切窗、质量筛选、校准以及 window/subject leakage 均待全文级审计。,待全文核验,unknown,,unknown,论文未完成校准字段核验。,unknown,未完成全文核验。,unknown,,未完成全文核验。,unknown,待核验,PPG,unknown,不得将日报摘要直接等同于产品可部署证据。,unknown,unknown,unknown,unknown,unknown,unknown,unknown,unknown,未完成全文级审计。,preliminary-index,2026-08-24,来自此前 PPG 科研日报的首批去重索引。
ppgbp-040-photoplethysmography-acceleration-indices-as-digital-biomarkers-of-cardi,Photoplethysmography Acceleration Indices as Digital Biomarkers of Cardiometabolic Health,2026,2026-08-18,paper,Frontiers in Digital Health,,,daily-index-only,PPG,not_reported,PPG,首批索引记录；方法细节待全文二次核验。,首批索引记录；定量结果待全文二次核验。,这篇记录关注PPG。当前数据库只完成题录和研究方向收录。,尚未完成全文方法核验，暂不展示模型结构、预处理或训练流程，避免把标题推断当成论文事实。,尚未核对样本量、误差指标、对照组和统计结果，因此不提供定量性能结论。,现阶段只能确认研究方向，不能据此判断模型优劣、临床准确性或真实可部署性。,可作为后续阅读线索；在完成全文核验前，不应作为工程选型或临床证据。,推理输入来自题录初步标注，校准要求和真实部署条件仍待全文确认。,反归一化、对齐、切窗、质量筛选、校准以及 window/subject leakage 均待全文级审计。,待全文核验,unknown,,unknown,论文未完成校准字段核验。,unknown,未完成全文核验。,unknown,,未完成全文核验。,unknown,待核验,PPG,unknown,不得将日报摘要直接等同于产品可部署证据。,unknown,unknown,unknown,unknown,unknown,unknown,unknown,unknown,未完成全文级审计。,preliminary-index,2026-08-24,来自此前 PPG 科研日报的首批去重索引。
ppgbp-041-motion-aware-low-power-wearable-photoplethysmography-system-with-metamat,Motion-Aware Low-Power Wearable Photoplethysmography System with Metamaterial-Enhanced Wireless Telemetry,2026,2026-08-18,paper,IEEE Transactions on Biomedical Circuits and Systems,,,daily-index-only,PPG | wearable deployment,not_reported,PPG | IMU/context (possible),首批索引记录；方法细节待全文二次核验。,首批索引记录；定量结果待全文二次核验。,这篇记录关注PPG、可穿戴部署。当前数据库只完成题录和研究方向收录。,尚未完成全文方法核验，暂不展示模型结构、预处理或训练流程，避免把标题推断当成论文事实。,尚未核对样本量、误差指标、对照组和统计结果，因此不提供定量性能结论。,现阶段只能确认研究方向，不能据此判断模型优劣、临床准确性或真实可部署性。,可作为后续阅读线索；在完成全文核验前，不应作为工程选型或临床证据。,推理输入来自题录初步标注，校准要求和真实部署条件仍待全文确认。,反归一化、对齐、切窗、质量筛选、校准以及 window/subject leakage 均待全文级审计。,待全文核验,unknown,,unknown,论文未完成校准字段核验。,unknown,未完成全文核验。,unknown,,未完成全文核验。,unknown,待核验,PPG | IMU/context (possible),unknown,不得将日报摘要直接等同于产品可部署证据。,unknown,unknown,unknown,unknown,unknown,unknown,unknown,unknown,未完成全文级审计。,preliminary-index,2026-08-24,来自此前 PPG 科研日报的首批去重索引。
ppgbp-042-circuit-free-cardiovascular-monitoring-via-smartphone-readable-skin-inte,Circuit-Free Cardiovascular Monitoring via Smartphone-Readable Skin-Interfaced Nanophotonic Films,2026,2026-08-18,paper,Advanced Materials,,,daily-index-only,PPG | wearable deployment,not_reported,PPG | IMU/context (possible),首批索引记录；方法细节待全文二次核验。,首批索引记录；定量结果待全文二次核验。,这篇记录关注PPG、可穿戴部署。当前数据库只完成题录和研究方向收录。,尚未完成全文方法核验，暂不展示模型结构、预处理或训练流程，避免把标题推断当成论文事实。,尚未核对样本量、误差指标、对照组和统计结果，因此不提供定量性能结论。,现阶段只能确认研究方向，不能据此判断模型优劣、临床准确性或真实可部署性。,可作为后续阅读线索；在完成全文核验前，不应作为工程选型或临床证据。,推理输入来自题录初步标注，校准要求和真实部署条件仍待全文确认。,反归一化、对齐、切窗、质量筛选、校准以及 window/subject leakage 均待全文级审计。,待全文核验,unknown,,unknown,论文未完成校准字段核验。,unknown,未完成全文核验。,unknown,,未完成全文核验。,unknown,待核验,PPG | IMU/context (possible),unknown,不得将日报摘要直接等同于产品可部署证据。,unknown,unknown,unknown,unknown,unknown,unknown,unknown,unknown,未完成全文级审计。,preliminary-index,2026-08-24,来自此前 PPG 科研日报的首批去重索引。
ppgbp-043-long-term-accuracy-and-stability-of-blood-pressure-measurements-from-a-s,Long-term accuracy and stability of blood pressure measurements from a smartwatch: Prospective validation study,2026,2026-08-18,paper,Digital Health,10.1177/20552076261415923,https://doi.org/10.1177/20552076261415923,primary-full-text/abstract,PPG | smartwatch | cuffless BP | 28-day calibration stability,37-participant 28-day prospective cohort,Samsung Galaxy Watch 5 PPG pipeline | stored Day-0 cuff calibration,Day-0 calibration followed by 27 days of paired Galaxy Watch 5 and Omron M4 measurements.,Overall MD about −0.34 mmHg SBP and +0.62 mmHg DBP; estimated 28-day drift −0.19/+1.02 mmHg. Error increased when actual BP moved about 10 mmHg away from the initial calibration point.,观察 Galaxy Watch 经过一次初始校准后，连续 27 天的 BP 准确性和漂移情况。,第 0 天校准手表，此后 27 天与 Omron M4 做成对比较；日常 Omron 读数只作为参考，不更新手表。,总体 SBP/DBP MD 约 −0.34/+0.62 mmHg，估计 28 天漂移 −0.19/+1.02 mmHg；真实 BP 距初始校准点约 10 mmHg 时，误差明显增大。,平均漂移不大，但模型更擅长在校准点附近工作；BP 状态发生较大变化时可靠性下降。,“30 天稳定”不能只看平均偏差，还要看离开个人校准点后的误差。,只需第 0 天校准，之后手表独立输出；每日 Omron 仅用于研究验证。,未见验证期参考 BP 回写手表；主要问题不是泄露，而是校准点依赖和 BP 变化后的性能下降。,已完成重点深审,single onboarding cuff calibration per manufacturer workflow,,Day 0; recommended 28-day interval,Prospective longitudinal evaluation of calibration stability.,not applicable,"Device validation cohort, not a retrained ML split.",true,37-participant prospective 28-day study,"Small, mostly young/normotensive cohort limits generalizability.",strong-conditional,真实 28 天可用证据，但人群有限,smartwatch PPG | stored Day-0 calibration,false,Daily Omron values were reference only and did not update watch outputs.,low,NO evidence,paired timing for validation only,device workflow,not reported as target-dependent,historical Day-0 cuff only,not applicable,not applicable,"Validates stability, not universal accuracy across hypertensive BP ranges.",priority-reviewed,2026-08-24,重点深审。
ppgbp-044-validation-of-ring-type-cuffless-blood-pressure-monitoring-device-for-de,Validation of ring-type cuffless blood pressure monitoring device for detecting awake-asleep BP variations compared to ambulatory BP monitoring device,2026,2026-08-19,paper,Hypertension Research,,,daily-index-only,PPG | cuffless BP | wearable deployment,not_reported,PPG | IMU/context (possible),首批索引记录；方法细节待全文二次核验。,首批索引记录；定量结果待全文二次核验。,这篇记录关注PPG、无袖带 BP、可穿戴部署。当前数据库只完成题录和研究方向收录。,尚未完成全文方法核验，暂不展示模型结构、预处理或训练流程，避免把标题推断当成论文事实。,尚未核对样本量、误差指标、对照组和统计结果，因此不提供定量性能结论。,现阶段只能确认研究方向，不能据此判断模型优劣、临床准确性或真实可部署性。,可作为后续阅读线索；在完成全文核验前，不应作为工程选型或临床证据。,推理输入来自题录初步标注，校准要求和真实部署条件仍待全文确认。,反归一化、对齐、切窗、质量筛选、校准以及 window/subject leakage 均待全文级审计。,待全文核验,unknown,,unknown,论文未完成校准字段核验。,unknown,未完成全文核验。,unknown,,未完成全文核验。,unknown,待核验,PPG | IMU/context (possible),unknown,不得将日报摘要直接等同于产品可部署证据。,unknown,unknown,unknown,unknown,unknown,unknown,unknown,unknown,未完成全文级审计。,preliminary-index,2026-08-24,来自此前 PPG 科研日报的首批去重索引。
ppgbp-045-cardiostate-jepa-delay-aware-cross-modal-learning-of-a-shared-cardiac-re,CardioState-JEPA: Delay-Aware Cross-Modal Learning of a Shared Cardiac Representation,2026,2026-08-19,paper,arXiv,,https://arxiv.org/abs/2608.12944,primary-abstract,PPG | ECG | PCG | foundation model | JEPA | delay alignment,multiple unimodal and paired cardiac datasets,PPG or ECG or PCG,"Two-stage joint-embedding predictive architecture with modality tokenizers, shared Transformer, masked latent prediction, and learned cross-modal delay alignment.","Frozen encoder reports +8.2 AUROC points for PPG classification, +18.8 for PCG murmur detection and +15.5 for ECG classification over the best SSL baseline.",让 PPG、ECG、PCG 在存在生理时间延迟时仍能学习共享的 cardiac representation。,两阶段 JEPA：各模态 tokenizer、共享 Transformer、masked latent prediction，加上可学习的跨模态 delay alignment。,冻结 encoder 后，相比最佳 SSL baseline，PPG 分类、PCG murmur 检测和 ECG 分类分别提高 8.2、18.8、15.5 个 AUROC 点。,延迟感知的跨模态预训练能提升通用心血管表征，但论文并未直接验证无袖带 BP head。,可作为下游模型底座，不能把多任务 AUROC 提升等同于 BP 精度提升。,跨模态 delay aligner 在预训练阶段学习；具体下游可仅保留目标模态，但 BP 任务需另做验证。,共享表征本身不是 BP 泄露；风险取决于下游 BP 标签、时间对齐和受试者划分。,已完成重点深审,not applicable,0,not applicable,No cuffless BP calibration study.,task-specific,Downstream protocols vary.,true,25 downstream tasks,Not a BP-regression validation.,research-enabler,可作为 PPG encoder,"one available cardiac modality, e.g. PPG",false,Delay aligner is learned during pretraining; BP head still needs separate validation.,low for BP target leakage,not applicable,"cross-modal delay alignment uses paired sensors, not BP target",not applicable,not applicable,not applicable,task-specific,task-specific,No absolute BP claim should be inferred.,priority-reviewed,2026-08-24,重点深审。
ppgbp-046-in-hospital-stroke-prediction-from-ppg-derived-hemodynamic-features,In-Hospital Stroke Prediction from PPG-Derived Hemodynamic Features,2026,2026-08-19,paper,KDD 2026,,,daily-index-only,PPG,not_reported,PPG,首批索引记录；方法细节待全文二次核验。,首批索引记录；定量结果待全文二次核验。,这篇记录关注PPG。当前数据库只完成题录和研究方向收录。,尚未完成全文方法核验，暂不展示模型结构、预处理或训练流程，避免把标题推断当成论文事实。,尚未核对样本量、误差指标、对照组和统计结果，因此不提供定量性能结论。,现阶段只能确认研究方向，不能据此判断模型优劣、临床准确性或真实可部署性。,可作为后续阅读线索；在完成全文核验前，不应作为工程选型或临床证据。,推理输入来自题录初步标注，校准要求和真实部署条件仍待全文确认。,反归一化、对齐、切窗、质量筛选、校准以及 window/subject leakage 均待全文级审计。,待全文核验,unknown,,unknown,论文未完成校准字段核验。,unknown,未完成全文核验。,unknown,,未完成全文核验。,unknown,待核验,PPG,unknown,不得将日报摘要直接等同于产品可部署证据。,unknown,unknown,unknown,unknown,unknown,unknown,unknown,unknown,未完成全文级审计。,preliminary-index,2026-08-24,来自此前 PPG 科研日报的首批去重索引。
ppgbp-047-a-dual-output-physiology-informed-neural-network-architecture-for-contin,A Dual-Output Physiology-Informed Neural Network Architecture for Continuous Cuffless Blood Pressure Waveform Estimation: A Proof-of-Concept,2026,2026-08-19,paper,Artery Research,,,daily-index-only,PPG | cuffless BP,not_reported,not_reported,首批索引记录；方法细节待全文二次核验。,首批索引记录；定量结果待全文二次核验。,这篇记录关注PPG、无袖带 BP。当前数据库只完成题录和研究方向收录。,尚未完成全文方法核验，暂不展示模型结构、预处理或训练流程，避免把标题推断当成论文事实。,尚未核对样本量、误差指标、对照组和统计结果，因此不提供定量性能结论。,现阶段只能确认研究方向，不能据此判断模型优劣、临床准确性或真实可部署性。,可作为后续阅读线索；在完成全文核验前，不应作为工程选型或临床证据。,推理输入来自题录初步标注，校准要求和真实部署条件仍待全文确认。,反归一化、对齐、切窗、质量筛选、校准以及 window/subject leakage 均待全文级审计。,待全文核验,unknown,,unknown,论文未完成校准字段核验。,unknown,未完成全文核验。,unknown,,未完成全文核验。,unknown,待核验,not_reported,unknown,不得将日报摘要直接等同于产品可部署证据。,unknown,unknown,unknown,unknown,unknown,unknown,unknown,unknown,未完成全文级审计。,preliminary-index,2026-08-24,来自此前 PPG 科研日报的首批去重索引。
ppgbp-048-automated-cardiac-arrest-detection-using-wrist-derived-photoplethysmogra,Automated cardiac arrest detection using wrist-derived photoplethysmography during withdrawal of life-sustaining treatment: a prospective clinical validation study,2026,2026-08-19,paper,The Lancet Regional Health – Europe,,,daily-index-only,PPG | wearable deployment,not_reported,PPG | IMU/context (possible),首批索引记录；方法细节待全文二次核验。,首批索引记录；定量结果待全文二次核验。,这篇记录关注PPG、可穿戴部署。当前数据库只完成题录和研究方向收录。,尚未完成全文方法核验，暂不展示模型结构、预处理或训练流程，避免把标题推断当成论文事实。,尚未核对样本量、误差指标、对照组和统计结果，因此不提供定量性能结论。,现阶段只能确认研究方向，不能据此判断模型优劣、临床准确性或真实可部署性。,可作为后续阅读线索；在完成全文核验前，不应作为工程选型或临床证据。,推理输入来自题录初步标注，校准要求和真实部署条件仍待全文确认。,反归一化、对齐、切窗、质量筛选、校准以及 window/subject leakage 均待全文级审计。,待全文核验,unknown,,unknown,论文未完成校准字段核验。,unknown,未完成全文核验。,unknown,,未完成全文核验。,unknown,待核验,PPG | IMU/context (possible),unknown,不得将日报摘要直接等同于产品可部署证据。,unknown,unknown,unknown,unknown,unknown,unknown,unknown,unknown,未完成全文级审计。,preliminary-index,2026-08-24,来自此前 PPG 科研日报的首批去重索引。
ppgbp-049-the-role-of-dataset-integrity-calibration-and-signal-quality-in-neural-n,"The role of dataset integrity, calibration and signal quality in neural network-based blood pressure estimation",2026,2026-08-20,paper,Scientific Reports,10.1038/s41598-026-66882-7,https://doi.org/10.1038/s41598-026-66882-7,primary-metadata/abstract,PPG | cuffless BP | dataset integrity | calibration | signal synchronization | data leakage,curated MIMIC-III | curated VitalDB,PPG | ECG-derived features for one baseline,"MLP, ResNet and TCN are compared on datasets differing in synchronization; subject-wise splits and 3–9 initial reference measurements test calibration effects.",VitalDB consistently outperformed MIMIC-III; calibration gains diminished beyond three measurements; calibrated DBP reached numerical clinical limits while SBP remained difficult.,系统分析数据同步质量、个人校准次数和 PPG signal quality 对神经网络 BP 估计的影响。,在同步质量不同的数据集上比较 MLP、ResNet、TCN；采用 subject-wise split，并测试 3–9 次初始参考测量的校准效果。,VitalDB 持续优于 MIMIC-III；超过 3 次校准后收益递减；校准后的 DBP 达到数值临床门槛，SBP 仍较困难。,数据完整性和同步质量可能比更复杂的网络更重要；少量校准有效，但不能解决 SBP 的全部问题。,先修数据和划分，再谈模型；3 次左右校准是值得重点验证的工程折中点。,需要初始 cuff/reference BP，并依赖可靠的同步与 SQA。,采用 subject-wise split 降低跨人泄露；仍要保证个人校准样本与测试时间段分离。,已完成重点深审,initial subject-specific reference BP,3–9 tested,initial,Diminishing return beyond three initial measurements.,true,Abstract explicitly reports subject-wise splits to prevent leakage.,false,,Cross-dataset comparison is not the same as training on one and untouched external testing on another.,conditional,有条件可部署,PPG | possibly ECG/PAT features depending model | stored calibration,false,Requires initial cuff/reference measurements; emphasizes synchronized data and SQA.,low-to-medium,not reported as current-window dependent,"dataset-level synchronization is studied, not oracle per-window alignment",unknown,signal-quality curation used; exact target dependence needs methods audit,historical first 3–9 references only,reduced by subject-wise split,NO according to abstract,A methodological audit paper; still requires checking how curated test windows were selected.,priority-reviewed,2026-08-24,重点深审。
ppgbp-050-wearable-cuffless-and-portable-devices-for-blood-pressure-monitoring-201,"Wearable, cuffless, and portable devices for blood pressure monitoring (2015–2025): a scoping review of technologies, calibration, clinical validation, and regulatory frameworks",2026,2026-08-20,review,Frontiers in Digital Health,,,daily-index-only,PPG | cuffless BP | calibration/personalization | wearable deployment | review,not_reported,PPG | IMU/context (possible),首批索引记录；方法细节待全文二次核验。,首批索引记录；定量结果待全文二次核验。,这篇记录关注PPG、无袖带 BP、calibration/personalization、可穿戴部署。当前数据库只完成题录和研究方向收录。,尚未完成全文方法核验，暂不展示模型结构、预处理或训练流程，避免把标题推断当成论文事实。,尚未核对样本量、误差指标、对照组和统计结果，因此不提供定量性能结论。,现阶段只能确认研究方向，不能据此判断模型优劣、临床准确性或真实可部署性。,可作为后续阅读线索；在完成全文核验前，不应作为工程选型或临床证据。,推理输入来自题录初步标注，校准要求和真实部署条件仍待全文确认。,反归一化、对齐、切窗、质量筛选、校准以及 window/subject leakage 均待全文级审计。,待全文核验,unknown,,unknown,论文未完成校准字段核验。,unknown,未完成全文核验。,unknown,,未完成全文核验。,unknown,待核验,PPG | IMU/context (possible),unknown,不得将日报摘要直接等同于产品可部署证据。,unknown,unknown,unknown,unknown,unknown,unknown,unknown,unknown,未完成全文级审计。,preliminary-index,2026-08-24,来自此前 PPG 科研日报的首批去重索引。
ppgbp-051-change-point-aware-evaluation-and-re-calibration-of-ppg-based-blood-pres,Change Point–Aware Evaluation and Re-Calibration of PPG-Based Blood Pressure Estimation,2026,2026-08-21,paper,MLHC 2026 / arXiv,,https://arxiv.org/abs/2608.18639,primary-abstract,PPG | cuffless BP | change point | recalibration | evaluation,not_reported,PPG | BP trajectory for change-point evaluation,"Detects distributional change points in BP trajectories, evaluates models around fluctuations, and triggers targeted recalibration.","Shows substantial model degradation near BP change points; periodic calibration is insufficient, while change-point-triggered recalibration improves robustness (exact values pending table extraction).",研究 BP 分布突然变化时 PPG→BP 模型为什么失效，以及何时应该重新校准。,检测 BP trajectory 的 change point，分别评估变化点前后误差，并在检测到变化时触发 targeted recalibration。,模型在 BP change point 附近明显退化；固定周期校准不足，变化点触发的重新校准更稳健。具体数值仍待表格复核。,校准应与生理状态变化关联，而不只是按固定天数执行；但触发器不能依赖部署时不可得的真实 BP。,思路重要，关键审计问题是：系统如何在不知道真实 BP 的情况下发现 change point。,若变化点由真实 BP 触发，流程并不自主；需要用 PPG/IMU/上下文构建可部署的触发器。,潜在高风险在触发机制：若用当前真实 BP 判断变化并决定重校准，就把目标信息带入了评估流程。,已完成重点深审,change-point-triggered,,test-time/event-triggered,Deployment validity depends on whether trigger detection uses predicted BP/PPG only or true reference BP.,unknown,Full evaluation protocol requires audit.,false,,No independent clinical external validation confirmed.,conceptual/conditional,触发机制需改造成无参考 BP,PPG | change trigger available at deployment,potentially,"If true BP change points trigger recalibration, the reported protocol is not autonomous.",high,unknown,unknown,YES for evaluation periods around true BP change points,unknown,potentially YES — trigger is defined from BP trajectories,unknown,unknown,Valuable evaluation framework; its deployment claim must separate oracle change points from detectable real-world triggers.,priority-reviewed,2026-08-24,重点深审。
ppgbp-052-clinical-validation-of-photoplethysmography-based-finger-cuffless-blood-,Clinical Validation of Photoplethysmography-Based Finger Cuffless Blood Pressure Monitoring Following European Society of Hypertension Recommendations,2026,2026-08-21,paper,Journal of the American Heart Association,,,daily-index-only,PPG | cuffless BP | wearable deployment,not_reported,PPG | IMU/context (possible),首批索引记录；方法细节待全文二次核验。,首批索引记录；定量结果待全文二次核验。,这篇记录关注PPG、无袖带 BP、可穿戴部署。当前数据库只完成题录和研究方向收录。,尚未完成全文方法核验，暂不展示模型结构、预处理或训练流程，避免把标题推断当成论文事实。,尚未核对样本量、误差指标、对照组和统计结果，因此不提供定量性能结论。,现阶段只能确认研究方向，不能据此判断模型优劣、临床准确性或真实可部署性。,可作为后续阅读线索；在完成全文核验前，不应作为工程选型或临床证据。,推理输入来自题录初步标注，校准要求和真实部署条件仍待全文确认。,反归一化、对齐、切窗、质量筛选、校准以及 window/subject leakage 均待全文级审计。,待全文核验,unknown,,unknown,论文未完成校准字段核验。,unknown,未完成全文核验。,unknown,,未完成全文核验。,unknown,待核验,PPG | IMU/context (possible),unknown,不得将日报摘要直接等同于产品可部署证据。,unknown,unknown,unknown,unknown,unknown,unknown,unknown,unknown,未完成全文级审计。,preliminary-index,2026-08-24,来自此前 PPG 科研日报的首批去重索引。
ppgbp-053-when-is-rppg-physiologically-valid-for-stress-and-workload-monitoring-a-,When is rPPG physiologically valid for stress and workload monitoring? A PRISMA-ScR scoping review,2026,2026-08-21,review,Frontiers in Digital Health,,,daily-index-only,PPG | wearable deployment | review,not_reported,PPG | IMU/context (possible),首批索引记录；方法细节待全文二次核验。,首批索引记录；定量结果待全文二次核验。,这篇记录关注PPG、可穿戴部署、review。当前数据库只完成题录和研究方向收录。,尚未完成全文方法核验，暂不展示模型结构、预处理或训练流程，避免把标题推断当成论文事实。,尚未核对样本量、误差指标、对照组和统计结果，因此不提供定量性能结论。,现阶段只能确认研究方向，不能据此判断模型优劣、临床准确性或真实可部署性。,可作为后续阅读线索；在完成全文核验前，不应作为工程选型或临床证据。,推理输入来自题录初步标注，校准要求和真实部署条件仍待全文确认。,反归一化、对齐、切窗、质量筛选、校准以及 window/subject leakage 均待全文级审计。,待全文核验,unknown,,unknown,论文未完成校准字段核验。,unknown,未完成全文核验。,unknown,,未完成全文核验。,unknown,待核验,PPG | IMU/context (possible),unknown,不得将日报摘要直接等同于产品可部署证据。,unknown,unknown,unknown,unknown,unknown,unknown,unknown,unknown,未完成全文级审计。,preliminary-index,2026-08-24,来自此前 PPG 科研日报的首批去重索引。
ppgbp-054-fuzzy-accuracy-compensates-for-label-subjectivity-in-classification-of-s,Fuzzy Accuracy Compensates for Label Subjectivity in Classification of Skin Tone Using Wearable Photoplethysmography Signals,2026,2026-08-21,paper,FUZZ-IEEE 2026 / arXiv,,,daily-index-only,PPG | wearable deployment,not_reported,PPG | IMU/context (possible),首批索引记录；方法细节待全文二次核验。,首批索引记录；定量结果待全文二次核验。,这篇记录关注PPG、可穿戴部署。当前数据库只完成题录和研究方向收录。,尚未完成全文方法核验，暂不展示模型结构、预处理或训练流程，避免把标题推断当成论文事实。,尚未核对样本量、误差指标、对照组和统计结果，因此不提供定量性能结论。,现阶段只能确认研究方向，不能据此判断模型优劣、临床准确性或真实可部署性。,可作为后续阅读线索；在完成全文核验前，不应作为工程选型或临床证据。,推理输入来自题录初步标注，校准要求和真实部署条件仍待全文确认。,反归一化、对齐、切窗、质量筛选、校准以及 window/subject leakage 均待全文级审计。,待全文核验,unknown,,unknown,论文未完成校准字段核验。,unknown,未完成全文核验。,unknown,,未完成全文核验。,unknown,待核验,PPG | IMU/context (possible),unknown,不得将日报摘要直接等同于产品可部署证据。,unknown,unknown,unknown,unknown,unknown,unknown,unknown,unknown,未完成全文级审计。,preliminary-index,2026-08-24,来自此前 PPG 科研日报的首批去重索引。
ppgbp-055-optimizing-health-prediction-using-wearable-sensor-data-machine-learning,Optimizing health prediction using wearable sensor data: Machine learning for anomaly detection in PPG and HRV signals,2026,2026-08-21,paper,Procedia Computer Science,,,daily-index-only,PPG | wearable deployment,not_reported,PPG | IMU/context (possible),首批索引记录；方法细节待全文二次核验。,首批索引记录；定量结果待全文二次核验。,这篇记录关注PPG、可穿戴部署。当前数据库只完成题录和研究方向收录。,尚未完成全文方法核验，暂不展示模型结构、预处理或训练流程，避免把标题推断当成论文事实。,尚未核对样本量、误差指标、对照组和统计结果，因此不提供定量性能结论。,现阶段只能确认研究方向，不能据此判断模型优劣、临床准确性或真实可部署性。,可作为后续阅读线索；在完成全文核验前，不应作为工程选型或临床证据。,推理输入来自题录初步标注，校准要求和真实部署条件仍待全文确认。,反归一化、对齐、切窗、质量筛选、校准以及 window/subject leakage 均待全文级审计。,待全文核验,unknown,,unknown,论文未完成校准字段核验。,unknown,未完成全文核验。,unknown,,未完成全文核验。,unknown,待核验,PPG | IMU/context (possible),unknown,不得将日报摘要直接等同于产品可部署证据。,unknown,unknown,unknown,unknown,unknown,unknown,unknown,unknown,未完成全文级审计。,preliminary-index,2026-08-24,来自此前 PPG 科研日报的首批去重索引。
ppgbp-056-domain-independent-ppg-signal-quality-assessment-framework-via-represent,Domain-independent PPG signal quality assessment framework via representation learning,2026,2026-08-22,paper,Scientific Reports,10.1038/s41598-026-58783-6,https://www.nature.com/articles/s41598-026-58783-6,primary-full-text,PPG | signal quality | representation learning | domain generalization,CSL finger PPG | WCS wrist PPG | AA neck PPG,PPG,Fine-tunes a pretrained PPG Transformer with triplet loss; quality is embedding distance to high-quality reference embeddings.,"Approximate F1: 90% finger, 95% wrist with generalized references, 70% neck.",建立跨部位、跨设备更稳健的 PPG signal quality assessment，先识别坏信号再进入 BP 或其他下游模型。,用 triplet loss 微调预训练 PPG Transformer，以待测片段到高质量 reference embedding 的距离判断质量。,F1 约为手指 90%、手腕 95%、颈部 70%；跨域效果因采集部位而异。,SQA 可实时运行且不依赖 BP 标签，适合作为部署前端；颈部等新域仍需更多数据。,先判断 PPG 能不能用，再估 BP；这是减少运动伪影失败的实用组件。,推理仅需 PPG 和已保存的高质量 reference embedding，不需要当前 BP。,未使用 BP 目标做质量筛选，目标泄露风险低；应继续避免同一受试者片段跨训练/测试。,已完成重点深审,reference-embedding set,,device/domain setup,No BP calibration; reference embeddings define signal-quality score.,reported evaluation across datasets,Exact subject partition details need table-level audit.,true,wrist and neck datasets,Cross-location generalization is central.,deployable-front-end,适合作为 BP 模型前置 SQA,PPG | stored high-quality reference embeddings,false,Real-time compatible; no BP target needed.,low for BP target leakage,not applicable,not applicable,not BP-target based,"PPG morphology/expert quality labels, not BP values",not applicable,dataset-specific,dataset-specific,"If used in BP studies, freeze SQA before test evaluation and avoid tuning thresholds on test BP error.",priority-reviewed,2026-08-24,重点深审。
ppgbp-057-large-scale-bilateral-cardiovascular-monitoring-via-wearable-rings,Large-scale bilateral cardiovascular monitoring via wearable rings,2026,2026-08-22,paper,npj Digital Medicine,10.1038/s41746-026-03036-z,https://pubmed.ncbi.nlm.nih.gov/42477400/,primary-abstract,PPG | ring | bilateral | cuffless BP | benchmark,MAIBO-derived bilateral benchmark,left ring PPG | right ring PPG,Twelve backbones benchmark bilateral and averaged ring-PPG prediction across cardiovascular/demographic targets.,"97,559 valid samples from 1,810 participants; bilateral SBP/DBP MAE 12.36/8.21 mmHg, only modestly better than cohort-mean baselines 13.81/9.27.",检验左右手双 ring PPG 是否比单侧信号更适合预测 BP 等心血管和人口学指标。,在 12 种 backbone 上比较左手、右手、双侧融合和平均 ring PPG 的多目标预测。,"1,810 人、97,559 个有效样本；双侧 SBP/DBP MAE 为 12.36/8.21 mmHg，只比人群均值 baseline 13.81/9.27 略好。",双侧信号有一定增益，但绝对 BP 误差仍大，且双 ring 的硬件成本并未换来决定性提升。,更适合作为左右差异和姿势研究资源，不宜宣传为高精度 BP 方案。,需要两枚 ring，是额外佩戴成本；当前 BP 精度不足以支撑产品结论。,必须按参与者划分；若把同一人的左右手或不同 session 分到训练和测试，会显著高估泛化。,已完成重点深审,none reported,0,none,Population benchmark.,needs full-method verification,Do not assume session-level split is safe.,false,,Single benchmark cohort.,limited-for-BP,HR 价值较强，绝对 BP 价值有限,bilateral ring PPG,false,Two-ring requirement is itself a deployment cost.,medium,not reported,session-synchronized reference BP,unknown,valid-sample selection requires audit,not reported,unknown,unknown pending split verification,Transparent weak BP result is more credible than near-zero MAE under unsafe splits.,priority-reviewed,2026-08-24,重点深审。
ppgbp-058-photoplethysmography-for-heart-rate-and-rhythm-monitoring-current-eviden,Photoplethysmography for Heart Rate and Rhythm Monitoring: Current Evidence and Clinical Applications,2026,2026-08-22,review,Review publication not fully verified,,,daily-index-only,PPG | wearable deployment,not_reported,PPG | IMU/context (possible),首批索引记录；方法细节待全文二次核验。,首批索引记录；定量结果待全文二次核验。,这篇记录关注PPG、可穿戴部署。当前数据库只完成题录和研究方向收录。,尚未完成全文方法核验，暂不展示模型结构、预处理或训练流程，避免把标题推断当成论文事实。,尚未核对样本量、误差指标、对照组和统计结果，因此不提供定量性能结论。,现阶段只能确认研究方向，不能据此判断模型优劣、临床准确性或真实可部署性。,可作为后续阅读线索；在完成全文核验前，不应作为工程选型或临床证据。,推理输入来自题录初步标注，校准要求和真实部署条件仍待全文确认。,反归一化、对齐、切窗、质量筛选、校准以及 window/subject leakage 均待全文级审计。,待全文核验,unknown,,unknown,论文未完成校准字段核验。,unknown,未完成全文核验。,unknown,,未完成全文核验。,unknown,待核验,PPG | IMU/context (possible),unknown,不得将日报摘要直接等同于产品可部署证据。,unknown,unknown,unknown,unknown,unknown,unknown,unknown,unknown,未完成全文级审计。,preliminary-index,2026-08-24,来自此前 PPG 科研日报的首批去重索引。
ppgbp-059-evaluation-of-alysis-001-cuffless-blood-pressure-estimation-algorithm-ag,Evaluation of Alysis-001 cuffless blood pressure estimation algorithm against the European Society of Hypertension awake/asleep test criteria in hypertensive patients,2026,2026-08-23,paper,Hypertension Research,10.1038/s41440-026-02728-z,https://www.nature.com/articles/s41440-026-02728-z,primary-full-text,cuffless BP | wearable | clinical validation | ESH awake/asleep | calibration-free,independent development cohorts: 953 seated-rest + 150 treadmill | prospective 24 h hypertensive cohort,green/red/IR PPG | electro-potential pulse signal | accelerometer | gyroscope | skin temperature | age | height | weight,"Biomechanical Moens–Korteweg-based multiparametric algorithm estimates velocity, volume and arterial elasticity; motion/posture correction and signal-quality rejection are applied.","92 enrolled, 78 analyzed; passed all ESH awake/asleep criteria under both extraction strategies; ICC >0.70, non-dipper sensitivity 0.93, specificity 0.75, accuracy 0.82.",在高血压门诊人群中检验 Alysis-001 的 24 小时 awake/asleep BP 表现和 non-dipper 识别能力。,基于 Moens–Korteweg 的多参数生物力学算法估计血流速度、容量和动脉弹性，并结合多光谱 PPG、electro-potential、IMU、温度与人口学信息做运动/姿势校正和 SQA。,92 人入组、78 人纳入分析；两种提取策略都通过 ESH awake/asleep 条件，ICC>0.70；non-dipper sensitivity 0.93、specificity 0.75、accuracy 0.82。,这是较强的真实 24 h wearable 证据，且无需 cuff 校准；但通过 awake/asleep 主测试不等于完成全部 cuffless device 验证。,在当前库中属于部署证据较强的一项，但结论范围应严格限定在研究完成的测试上。,推理需要多光谱 PPG、electro-potential、IMU、温度和人口学信息；高强度活动会自动拒测。,独立前瞻性队列，参考 ABPM 只用于比较；未发现用参考 BP 反归一化、选 beat 或做内部 SQA。,已完成重点深审,demographic calibration only,0,none,"Uses age, height and weight; no initial or periodic cuff calibration.",true,Evaluation cohort has no overlap with independent development datasets.,true,prospective 24 h hypertensive outpatients,"Reference ABPM every 30 min; ESH awake/asleep primary test, not the entire cuffless-device validation suite.",strong-conditional,真实可穿戴证据较强,multispectral PPG | electro-potential | IMU | temperature | demographics,false,Automatically rejects high-intensity activity; does not require cuff calibration.,low,NO evidence,"30-min aggregation used for comparison, not to generate individual estimates",wearable uses fixed 10 s cycles; reference ABPM does not select beats,"internal sensor SQA/IMU rejection, not reference-BP filtering",NO — demographics only,not applicable to independent prospective cohort,NO cohort overlap reported,"Reference ABPM is used for validation, not fed into Alysis estimates.",priority-reviewed,2026-08-24,重点深审；通过 awake/asleep primary test does not equal completing every ESH test.
ppgbp-060-a-multi-posture-asymmetry-aware-intelligent-bilateral-observation-datase,A Multi-posture Asymmetry-aware Intelligent Bilateral Observation Dataset for Cardiovascular Monitoring,2026,2026-08-24,dataset-paper,Scientific Data,10.1038/s41597-026-07915-8,https://www.nature.com/articles/s41597-026-07915-8,primary-full-text,PPG | dataset | ring | bilateral | posture | cuffless BP,MAIBO,left ring PPG | right ring PPG | posture | age | sex | BMI,Dataset descriptor: synchronized bilateral ring PPG across three standardized postures with SBP/DBP/HR and demographic labels.,"1,810 participants and 7,478 sessions; designed for bilateral and posture-dependent cardiovascular benchmarking.",发布一个同时包含左右手 ring PPG 和多种体位的 BP 数据集，用于研究侧别与姿势造成的 domain shift。,同步采集左右手 ring PPG，覆盖 3 种标准体位，并提供 SBP/DBP/HR、年龄、性别、BMI 等标签。,"MAIBO 包含 1,810 名参与者和 7,478 个 session，适合做左右手与姿势依赖的心血管 benchmark。",数据集非常贴近 wearable 研究，但它不会自动保证安全划分；使用者必须自己按 participant ID 分组。,最有价值的实验是 left→right、supine→sitting/standing，而不是随机 window split。,下游推理可只用 ring PPG，也可加入设备实际可得的 posture/IMU。,数据构建未见当前 BP 反归一化；最大风险是把同一人的不同手、体位或 session 随机分到训练和测试。,已完成重点深审,not applicable to dataset,0,not applicable,Reference BP labels are provided; downstream users must define calibration protocol.,not imposed,Dataset users must split by participant ID; random session/window split is unsafe.,false,,"Dataset resource, not an externally validated estimator.",research-enabler,贴近 ring wearable,ring PPG | optional posture/IMU,false,Suitable for left→right and posture-shift tests.,low at dataset construction / high if mis-split,not inherent,reference labels synchronized at session level,downstream-defined,dataset QC present; no current-BP inverse scaling found,downstream-defined,must avoid random sessions/windows,must enforce subject-disjoint partitions,Dataset does not guarantee safe downstream splitting by itself.,priority-reviewed,2026-08-24,重点深审。
ppgbp-061-healthring-physiology-dataset-for-health-sensing-on-rings,HealthRing: Physiology Dataset for Health Sensing on Rings,2026,2026-08-24,dataset-paper,Scientific Data,10.1038/s41597-026-07289-x,https://www.nature.com/articles/s41597-026-07289-x,primary-full-text,PPG | dataset | ring | motion artifact | wearable | cuffless BP,HealthRing,reflective red/IR PPG | transmissive red/IR PPG | 3-axis accelerometer,"Three synchronized cohorts: controlled stimuli, semi-free-living activities and treadmill running; RingTool provides signal-processing and DL baselines.","54 adults; controlled+daily benchmarks: SBP/DBP MAE 12.98/7.64 mmHg, HR 5.33 bpm, RR 2.98 breaths/min, SpO2 1.72%.",提供包含真实运动伪影的 ring physiology 数据，让算法不只在静坐实验中评估。,采集 controlled stimuli、semi-free-living 日常活动和 treadmill running 三组同步数据；两枚 ring 记录反射/透射 red/IR PPG 与 3-axis accelerometer。,共 54 名成人；controlled+daily benchmark 的 SBP/DBP MAE 为 12.98/7.64 mmHg，HR 5.33 bpm，RR 2.98 次/分，SpO₂ 1.72%。,HealthRing 对运动鲁棒性和拒测策略很有价值，但当前 BP benchmark 精度有限，不能视作消费设备验证。,适合研究 arm swing 下“何时不该输出”，而不是证明 ring 已能准确测 BP。,推理输入是 ring PPG 与 accelerometer；可用于运动场景下的 SQA 和鲁棒性研究。,数据本身不要求目标依赖处理；复用时必须按 subject 分组，不能随机打散高度重叠的 windows。,已完成重点深审,benchmark-dependent,,not_reported,Dataset paper does not establish a product calibration protocol.,dataset benchmark dependent,Downstream users must preserve subject separation.,cross-cohort stress test,treadmill cohort,"Motion cohort tests transfer, but BP benchmark is mainly controlled/daily.",research-enabler,真实 wearable 数据价值高，BP 精度有限,ring PPG | accelerometer,false,Supports rejection/robustness research under arm swing.,medium,not reported as target-dependent,synchronized labels are dataset ground truth,benchmark-defined; audit before reuse,quality controls present; target dependence not established,not inherent,possible if windows are shuffled,must be actively prevented,Benchmark MAE is not a consumer-device validation.,priority-reviewed,2026-08-24,重点深审。
ppgbp-062-validation-of-photoplethysmography-derived-short-term-heart-rate-variabi,Validation of photoplethysmography-derived short-term heart rate variability using a wearable device,2026,2026-08-24,paper,Scientific Reports,,,daily-index-only,PPG | wearable deployment,not_reported,PPG | IMU/context (possible),首批索引记录；方法细节待全文二次核验。,首批索引记录；定量结果待全文二次核验。,这篇记录关注PPG、可穿戴部署。当前数据库只完成题录和研究方向收录。,尚未完成全文方法核验，暂不展示模型结构、预处理或训练流程，避免把标题推断当成论文事实。,尚未核对样本量、误差指标、对照组和统计结果，因此不提供定量性能结论。,现阶段只能确认研究方向，不能据此判断模型优劣、临床准确性或真实可部署性。,可作为后续阅读线索；在完成全文核验前，不应作为工程选型或临床证据。,推理输入来自题录初步标注，校准要求和真实部署条件仍待全文确认。,反归一化、对齐、切窗、质量筛选、校准以及 window/subject leakage 均待全文级审计。,待全文核验,unknown,,unknown,论文未完成校准字段核验。,unknown,未完成全文核验。,unknown,,未完成全文核验。,unknown,待核验,PPG | IMU/context (possible),unknown,不得将日报摘要直接等同于产品可部署证据。,unknown,unknown,unknown,unknown,unknown,unknown,unknown,unknown,未完成全文级审计。,preliminary-index,2026-08-24,来自此前 PPG 科研日报的首批去重索引。
ppgbp-063-feasibility-of-a-noninvasive-photoplethysmography-based-wearable-chest-p,Feasibility of a noninvasive photoplethysmography-based wearable chest patch for cardiac output assessment during exercise compared with thermodilution right heart catheterization,2026,2026-08-24,paper,Scientific Reports,,,daily-index-only,PPG | wearable deployment,not_reported,PPG | IMU/context (possible),首批索引记录；方法细节待全文二次核验。,首批索引记录；定量结果待全文二次核验。,这篇记录关注PPG、可穿戴部署。当前数据库只完成题录和研究方向收录。,尚未完成全文方法核验，暂不展示模型结构、预处理或训练流程，避免把标题推断当成论文事实。,尚未核对样本量、误差指标、对照组和统计结果，因此不提供定量性能结论。,现阶段只能确认研究方向，不能据此判断模型优劣、临床准确性或真实可部署性。,可作为后续阅读线索；在完成全文核验前，不应作为工程选型或临床证据。,推理输入来自题录初步标注，校准要求和真实部署条件仍待全文确认。,反归一化、对齐、切窗、质量筛选、校准以及 window/subject leakage 均待全文级审计。,待全文核验,unknown,,unknown,论文未完成校准字段核验。,unknown,未完成全文核验。,unknown,,未完成全文核验。,unknown,待核验,PPG | IMU/context (possible),unknown,不得将日报摘要直接等同于产品可部署证据。,unknown,unknown,unknown,unknown,unknown,unknown,unknown,unknown,未完成全文级审计。,preliminary-index,2026-08-24,来自此前 PPG 科研日报的首批去重索引。
ppgbp-064-causal-decomposition-of-ppg-signals-for-cuffless-blood-pressure-estimati,Causal Decomposition of PPG Signals for Cuffless Blood Pressure Estimation,2026,2026-08-24,paper,IEEE Transactions on Biomedical Engineering,10.1109/TBME.2026.3702361,https://pubmed.ncbi.nlm.nih.gov/42268766/,primary-abstract,PPG | cuffless BP | EEMD | causal inference | interpretability,not_reported,PPG,EEMD decomposes PPG into IMFs; counterfactual exclusion and structural causal modeling select BP-relevant components; CNN/GBRT/PAT baselines are compared.,"IMF4–6 showed strongest causal association; CNN using IMF4+5 achieved SBP/DBP MAE 5.55/3.45 mmHg, improving 26.39%/17.86% over original PPG.",找出 PPG 中与 BP 更有因果关联的频率成分，而不是直接把整段波形交给黑箱模型。,用 EEMD 把 PPG 分解为多个 IMF，再通过 counterfactual exclusion 和 structural causal modeling 选择 BP 相关分量，并比较 CNN、GBRT、PAT。,IMF4–6 的因果关联最强；CNN 使用 IMF4+5 时，SBP/DBP MAE 为 5.55/3.45 mmHg，比原始 PPG 改善 26.39%/17.86%。,选择生理相关分量能改善模型，但“causal”命名不能替代 subject-disjoint 和 external validation。,解释性方向值得跟进，当前证据仍不足以证明跨数据集和实时部署稳定。,推理可 PPG-only，但需要固定 EEMD/分量选择流程；实时计算成本与跨域稳定性尚未解决。,摘要未报告明显目标反归一化；subject split、切窗和外部验证仍需全文审计。,已完成重点深审,unknown,,unknown,Abstract does not describe a deployment calibration protocol.,unknown,Needs full-text protocol audit.,false,,No external cohort confirmed from abstract.,promising-research,算法上可 PPG-only，证据不足,PPG | fixed EEMD/component-selection pipeline,false,Causal component selection is learned offline; real-time EEMD cost and cross-dataset stability remain open.,medium,not reported,not reported,unknown,unknown,not reported,unknown,unknown,Causal language does not substitute for subject-disjoint and external validation.,priority-reviewed,2026-08-24,重点深审。
ppgbp-065-a-revised-point-to-point-calibration-approach-with-adaptive-errors-corre,A Revised Point-to-Point Calibration Approach with Adaptive Errors Correction to Weaken Initial Sensitivity of Cuff-Less Blood Pressure Estimation,2020,,paper,Sensors,,https://pmc.ncbi.nlm.nih.gov/articles/PMC7218878/,primary-full-text,cuffless BP | PTT | calibration | adaptive correction,controlled exercise cohort,ECG/PPG-derived PTT | stored calibration parameters,Compares original one-point PTP calibration with mean PTP (mPTP) and penalty-factor adaptive PTP (fPTP) correction across exercise intensities.,mPTP and fPTP reduce sensitivity to a single initial calm-state sample and improve consistency relative to oPTP; exact metrics retained in source paper.,降低 PTT 类无袖带 BP 模型对单个初始校准点的敏感性，让运动状态变化时更稳定。,比较原始 one-point PTP、多个静息点取平均的 mPTP，以及加入 penalty factor 动态修正的 fPTP。,mPTP 和 fPTP 相比 oPTP 减少了对单个静息样本的依赖，并提高不同运动强度下的一致性；具体数值保留在原文中。,多点或自适应校准比单点更稳，但它仍是校准型方法，不是 calibration-free BP。,适合作为校准策略 baseline；必须确认实时 correction 不会使用部署时拿不到的当前参考 BP。,推理需要 ECG/PPG-derived PTT 和个人参数；自适应更新的可用输入必须重新审计。,历史 BP 用于校准是明确的；若 fPTP 在测试时使用同时刻参考 BP 更新参数，就会形成目标依赖。,已完成重点深审,mPTP/fPTP point-to-point,multiple calm-state points for mean; adaptive correction thereafter,initial + real-time correction,Older calibration baseline included because it was explicitly referenced in prior planning.,not applicable/within-subject calibration study,Not an unseen-subject DL benchmark.,false,,Controlled cohort only.,conditional,可作为校准基线,PTT or pulse-derived features | stored individual parameters,depends on adaptive correction implementation,Must ensure fPTP updates do not use contemporaneous reference BP unavailable in deployment.,medium,not applicable,ECG–PPG timing is an input feature,protocol-defined,unknown,historical BP definitely used; real-time correction path requires audit,not applicable,not applicable,"Calibration study, not calibration-free estimation.",priority-reviewed,2026-08-24,补录此前明确提到的校准基线。
